2026-05-20T15:56:09.991-0500 notice   [Polyrecorder] Polyrecorder started. appStart=271747.02449695836 modelIdentifier=Mac17,2 operatingSystem=Version 26.4.1 (Build 25E253) systemLaunch=2026-05-17 17:27:02 +0000 version=2.7.0
2026-05-20T15:56:09.991-0500 notice   [polyrecorder] Connect RecordKit logger to Polyrecorder logger rkLogLevel=debug
2026-05-20T15:56:09.992-0500 debug    [Polyrecorder] Accessing active displays
2026-05-20T15:56:10.018-0500 notice   [Polyrecorder] Active displays: [polyrecorder.DisplayDiscovery.Display(displayID: 1, bounds: polyrecorder.Bounds(x: 0.0, y: 0.0, width: 1512.0, height: 982.0), refreshRate: 120.0, isMain: true, isBuiltin: true)]
2026-05-20T15:56:10.018-0500 notice   [Polyrecorder] Thermal state at startup. thermalState=nominal
2026-05-20T15:56:10.018-0500 debug    [Polyrecorder] Validating configuration.
2026-05-20T15:56:10.019-0500 notice   [Polyrecorder] Configuration validated: {
  "outputDirectory" : "\/Users\/brian\/Library\/Application Support\/Screen Studio\/Screen Studio Recordings\/Built-in Retina Display 2026-05-20 15:56:09",
  "logLevel" : "debug",
  "channels" : [
    {
      "captureKeyStrokes" : true,
      "type" : "input"
    },
    {
      "excludedWindowIds" : [
        30835,
        30836,
        30838,
        30887
      ],
      "excludeFinderDesktopIcons" : true,
      "type" : "display",
      "displayId" : 1
    }
  ]
}
2026-05-20T15:56:10.019-0500 debug    [Polyrecorder] Creating output directory. url=file:///Users/brian/Library/Application%20Support/Screen%20Studio/Screen%20Studio%20Recordings/Built-in%20Retina%20Display%202026-05-20%2015:56:09
2026-05-20T15:56:10.019-0500 notice   [Polyrecorder] Created output directory. url=file:///Users/brian/Library/Application%20Support/Screen%20Studio/Screen%20Studio%20Recordings/Built-in%20Retina%20Display%202026-05-20%2015:56:09
2026-05-20T15:56:10.019-0500 debug    [Polyrecorder] Redirecting logs to file. url=file:///Users/brian/Library/Application%20Support/Screen%20Studio/Screen%20Studio%20Recordings/Built-in%20Retina%20Display%202026-05-20%2015:56:09/polyrecorder.log
2026-05-20T15:56:10.020-0500 notice   [Polyrecorder] Redirected logs to file. url=file:///Users/brian/Library/Application%20Support/Screen%20Studio/Screen%20Studio%20Recordings/Built-in%20Retina%20Display%202026-05-20%2015:56:09/polyrecorder.log
2026-05-20T15:56:10.020-0500 debug    [Polyrecorder] Attaching uncaught exception handler.
2026-05-20T15:56:10.020-0500 notice   [Polyrecorder] Attached uncaught exception handler.
2026-05-20T15:56:10.020-0500 debug    [Polyrecorder] Enabling DAL devices...
2026-05-20T15:56:10.036-0500 notice   [Polyrecorder] Enabled DAL devices.
2026-05-20T15:56:10.036-0500 debug    [Polyrecorder] Creating conductor with recorders. channels=2
2026-05-20T15:56:10.037-0500 debug    [CursorRecorder] Checking if cursor folder/files don't exist yet.
2026-05-20T15:56:10.038-0500 notice   [CursorRecorder] Checked cursor folder/files don't exist yet.
2026-05-20T15:56:10.038-0500 debug    [CursorRecorder] Creating display link. displayId=1
2026-05-20T15:56:10.042-0500 notice   [CursorRecorder] Created display link. displayId=1
2026-05-20T15:56:10.042-0500 debug    [InputRecorder] Checking input monitoring authorization status. id=channel-0-input
2026-05-20T15:56:10.050-0500 notice   [InputRecorder] Input monitoring is authorized. id=channel-0-input
2026-05-20T15:56:10.062-0500 debug    [DisplayRecorder: channel-1-display] Checking if displayID 1 is in Active Displays list id=channel-1-display
2026-05-20T15:56:10.062-0500 debug    [DisplayRecorder: channel-1-display] Creating DisplayRecorderOutput id=channel-1-display
2026-05-20T15:56:10.064-0500 notice   [DisplayRecorder: channel-1-display] Created DisplayRecorderOutput id=channel-1-display output=DisplayRecorderOutput(cropRect: nil, recordBounds: (0.0, 0.0, 1512.0, 982.0), displayScaleFactor: 2, displayRefreshRate: 120.0, minFrameDuration: CMTime(seconds:0.008333333333333333 timescale:120 value:1 flags:valid), recordingScale: 0.5, assetWriterSettings: polyrecorder.AssetWriterSettings(mediaType: __C.AVMediaType(_rawValue: vide), outputSettings: ["AVVideoHeightKey": 1964, "AVVideoCompressionPropertiesKey": {
    AllowFrameReordering = 1;
    AverageBitRate = 20227026;
    AverageNonDroppableFrameRate = 30;
    ExpectedFrameRate = 120;
    H264EntropyMode = CABAC;
    MaxKeyFrameInterval = 30;
    ProfileLevel = "H264_High_AutoLevel";
}, "AVVideoCodecKey": avc1, "AVVideoEncoderSpecificationKey": {
    EnableHardwareAcceleratedVideoEncoder = 1;
}, "AVVideoScalingModeKey": AVVideoScalingModeResizeAspect, "AVVideoWidthKey": 3024]))
2026-05-20T15:56:10.064-0500 debug    [polyrecorder] Set handler for frameRepeater id=channel-1-display
2026-05-20T15:56:10.064-0500 info     [Polyrecorder] Created conductor with recorders. channels=2 recorders=3
2026-05-20T15:56:10.064-0500 debug    [Polyrecorder] Attaching recorder abortion handler.
2026-05-20T15:56:10.064-0500 notice   [Polyrecorder] Attached recorder abortion handler.
2026-05-20T15:56:10.064-0500 debug    [Polyrecorder] Installing signal handlers on process 25299.
2026-05-20T15:56:10.064-0500 notice   [Polyrecorder] Installed signal handlers on process 25299.
2026-05-20T15:56:10.064-0500 notice   [Polyrecorder] Setup finished.
2026-05-20T15:56:10.064-0500 debug    [Conductor] Starting recording.
2026-05-20T15:56:10.064-0500 debug    [Conductor] Starting latency critical activity.
2026-05-20T15:56:10.065-0500 notice   [Conductor] Started latency critical activity.
2026-05-20T15:56:10.065-0500 debug    [Conductor] Setting up all recorders. recorders=3
2026-05-20T15:56:10.065-0500 debug    [CursorRecorder] Creating cursor image directory. id=channel-0-cursor url=file:///Users/brian/Library/Application%20Support/Screen%20Studio/Screen%20Studio%20Recordings/Built-in%20Retina%20Display%202026-05-20%2015:56:09/cursors/
2026-05-20T15:56:10.065-0500 debug    [InputRecorder] Starting event monitor. id=channel-0-input
2026-05-20T15:56:10.065-0500 info     [InputRecorder] Event monitor started. id=channel-0-input
2026-05-20T15:56:10.065-0500 notice   [InputRecorder] Setup complete id=channel-0-input
2026-05-20T15:56:10.066-0500 debug    [DisplayRecorder: channel-1-display] Accessing ShareableContent id=channel-1-display
2026-05-20T15:56:10.066-0500 notice   [CursorRecorder] Created cursor image directory. id=channel-0-cursor url=file:///Users/brian/Library/Application%20Support/Screen%20Studio/Screen%20Studio%20Recordings/Built-in%20Retina%20Display%202026-05-20%2015:56:09/cursors/
2026-05-20T15:56:10.104-0500 notice   [DisplayRecorder: channel-1-display] Received ShareableContent attempt=1 id=channel-1-display restarted=false
2026-05-20T15:56:10.104-0500 debug    [DisplayRecorder: channel-1-display] Creating SCContentFilter from configuration id=channel-1-display
2026-05-20T15:56:10.104-0500 debug    [DisplayRecorder: channel-1-display] Creating SCStream id=channel-1-display streamConfig=SCStreamConfiguration sourceRect:(0.0, 0.0, 0.0, 0.0) width:3024 height:1964 queueDepth:8
2026-05-20T15:56:10.111-0500 debug    [CursorRecorder] Preloading system cursors. cursors=49 id=channel-0-cursor
2026-05-20T15:56:10.111-0500 notice   [CursorRecorder] Preloaded system cursors. dropped=dropped: (public)columnResize > existing: (public)resizeLeftRight, dropped: (public)rowResize > existing: (public)resizeUpDown, dropped: (private)closedHand > existing: (public)closedHand, dropped: (private)crosshair > existing: (public)crosshair, dropped: (private)genericDrag > existing: (public)arrow, dropped: (private)hand > existing: (public)openHand, dropped: (private)horizontalResize > existing: (public)resizeLeftRight, dropped: (private)overrideHelp > existing: (private)help, dropped: (private)verticalResize > existing: (public)resizeUpDown, dropped: (private)zoomIn > existing: (public)zoomIn, dropped: (private)zoomOut > existing: (public)zoomOut id=channel-0-cursor
2026-05-20T15:56:10.111-0500 debug    [CursorRecorder] Writing preloaded cursors information to disk. count=38 id=channel-0-cursor
2026-05-20T15:56:10.124-0500 notice   [CursorRecorder] Cursor information written to disk. count=38 id=channel-0-cursor
2026-05-20T15:56:10.124-0500 debug    [CursorRecorder] Configuring display link output handler. errorRateLimit=10.0 id=channel-0-cursor
2026-05-20T15:56:10.125-0500 info     [CursorRecorder] Display link output handler configured. errorRateLimit=10.0 id=channel-0-cursor
2026-05-20T15:56:10.125-0500 debug    [CursorRecorder] Setting current display on display link. displayId=1 id=channel-0-cursor
2026-05-20T15:56:10.125-0500 info     [CursorRecorder] Current display on display link set. displayId=1 id=channel-0-cursor
2026-05-20T15:56:10.125-0500 debug    [CursorRecorder] Starting display link. displayId=1 id=channel-0-cursor
2026-05-20T15:56:10.125-0500 notice   [CursorRecorder] Started display link. displayId=1 id=channel-0-cursor
2026-05-20T15:56:10.125-0500 notice   [CursorRecorder] Setup complete id=channel-0-cursor
2026-05-20T15:56:10.135-0500 notice   [CursorRecorder] Refresh rate of current display changed. currentDisplay=1 id=channel-0-cursor refreshRate=120 FPS
2026-05-20T15:56:10.147-0500 notice   [DisplayRecorder: channel-1-display] Created SCStream id=channel-1-display
2026-05-20T15:56:10.148-0500 debug    [DisplayRecorder: channel-1-display] Add StreamOutput to capture screen content id=channel-1-display
2026-05-20T15:56:10.148-0500 debug    [DisplayRecorder: channel-1-display] Enable verbose SCK logging id=channel-1-display
2026-05-20T15:56:10.148-0500 debug    [DisplayRecorder: channel-1-display] Start stream capture id=channel-1-display
2026-05-20T15:56:10.203-0500 notice   [DisplayRecorder: channel-1-display] Started stream capture id=channel-1-display
2026-05-20T15:56:10.203-0500 debug    [DisplayRecorder: channel-1-display] Waiting for ring buffer to have a frame id=channel-1-display
2026-05-20T15:56:10.216-0500 debug    [StreamCoordinator: channel-1-display] Stream did output sample buffer id=channel-1-display isValid=true
2026-05-20T15:56:10.216-0500 debug    [DisplayRecorder: channel-1-display] Checking delta of presentation time stamp to host time clock. framePTS=271747.249424541 hostTime=271747.252458333 id=channel-1-display
2026-05-20T15:56:10.216-0500 notice   [DisplayRecorder: channel-1-display] Trivial delta between presentation time stamp to host time clock, will trust frame PTS. framePTS=271747.249424541 hostTime=271747.252458333 hostTimeDelta=0.003033792 id=channel-1-display
2026-05-20T15:56:10.216-0500 notice   [DisplayRecorder: channel-1-display] Ring buffer has a frame id=channel-1-display
2026-05-20T15:56:10.216-0500 debug    [DisplayRecorder: channel-1-display] Disable verbose SCK logging id=channel-1-display
2026-05-20T15:56:10.216-0500 notice   [DisplayRecorder: channel-1-display] Setup complete id=channel-1-display
2026-05-20T15:56:10.216-0500 notice   [Conductor] Did setup all recorders. recorders=3
2026-05-20T15:56:10.216-0500 debug    [Conductor] Calling prepare on all recorders for session. recorders=3
2026-05-20T15:56:10.216-0500 debug    [DisplayRecorder: channel-1-display] Creating SessionWriter id=channel-1-display
2026-05-20T15:56:10.216-0500 notice   [InputRecorder] Preparing session. id=channel-0-input sessions=0
2026-05-20T15:56:10.216-0500 debug    [SessionWriter: channel-1-display-0] Creating AVAssetWriter id=channel-1-display
2026-05-20T15:56:10.217-0500 notice   [SessionWriter: channel-1-display-0] Created AVAssetWriter id=channel-1-display
2026-05-20T15:56:10.217-0500 debug    [SessionWriter: channel-1-display-0] Add AVAssetWriter.error observation id=channel-1-display
2026-05-20T15:56:10.217-0500 notice   [SessionWriter: channel-1-display-0] Added AVAssetWriter.error observation id=channel-1-display
2026-05-20T15:56:10.217-0500 debug    [SessionWriter: channel-1-display-0] Creating AVAssetWriterInput id=channel-1-display mediaType=AVMediaType(_rawValue: vide) outputSettings=["AVVideoHeightKey": 1964, "AVVideoCompressionPropertiesKey": {
    AllowFrameReordering = 1;
    AverageBitRate = 20227026;
    AverageNonDroppableFrameRate = 30;
    ExpectedFrameRate = 120;
    H264EntropyMode = CABAC;
    MaxKeyFrameInterval = 30;
    ProfileLevel = "H264_High_AutoLevel";
}, "AVVideoCodecKey": avc1, "AVVideoEncoderSpecificationKey": {
    EnableHardwareAcceleratedVideoEncoder = 1;
}, "AVVideoScalingModeKey": AVVideoScalingModeResizeAspect, "AVVideoWidthKey": 3024]
2026-05-20T15:56:10.218-0500 notice   [InputRecorder] Prepared session. id=channel-0-input sessions=1
2026-05-20T15:56:10.276-0500 debug    [SessionWriter: channel-1-display-0] Adding AVAssetWriterInput to AVAssetWriter. id=channel-1-display
2026-05-20T15:56:10.276-0500 notice   [SessionWriter: channel-1-display-0] Added AVAssetWriterInput to AVAssetWriter id=channel-1-display
2026-05-20T15:56:10.296-0500 debug    [DisplayRecorder: channel-1-display] Processing initial samples from buffer. bufferCount=3 id=channel-1-display
2026-05-20T15:56:10.296-0500 notice   [DisplayRecorder: channel-1-display] Processed initial samples from buffer. bufferCount=3 id=channel-1-display
2026-05-20T15:56:10.296-0500 notice   [DisplayRecorder: channel-1-display] Created SessionWriter id=channel-1-display
2026-05-20T15:56:10.296-0500 notice   [Conductor] Called prepare recorders for session. recorders=3
2026-05-20T15:56:10.296-0500 debug    [Conductor] Broadcasting over stdout that all recorders are prepared. recorders=3
2026-05-20T15:56:10.296-0500 notice   [Conductor] Broadcasted over stdout that all recorders are prepared. recorders=3
2026-05-20T15:56:10.297-0500 notice   [SignalHandler] Received SIGCONT.
2026-05-20T15:56:10.297-0500 debug    [Conductor] Resuming recording.
2026-05-20T15:56:10.297-0500 notice   [Conductor] Recording resumed. recordFrom=271747.33364675
2026-05-20T15:56:10.297-0500 debug    [Conductor] Start async updates for recording.
2026-05-20T15:56:10.297-0500 notice   [Conductor] Started async updates for recording.
2026-05-20T15:56:10.297-0500 debug    [Conductor] Update metadata file.
2026-05-20T15:56:10.298-0500 debug    [polyrecorder] Metadata file updated.
2026-05-20T15:56:10.298-0500 notice   [Conductor] Updated metadata file.
2026-05-20T15:56:10.298-0500 debug    [Conductor] Broadcasting over stdout that session started. recorders=3
2026-05-20T15:56:10.298-0500 notice   [Conductor] Broadcasted over stdout that sessions started. recorders=3
2026-05-20T15:56:10.302-0500 debug    [SessionWriter: channel-1-display-0] Start session on AVAssetWriter id=channel-1-display sessionStart=CMTime(seconds:271747.33364675 timescale:1000000000 value:271747333646750 flags:valid)
2026-05-20T15:56:10.302-0500 notice   [SessionWriter: channel-1-display-0] Started session on AVAssetWriter id=channel-1-display sessionStart=CMTime(seconds:271747.33364675 timescale:1000000000 value:271747333646750 flags:valid)
2026-05-20T15:56:10.302-0500 notice   [SessionWriter: channel-1-display-0] Appending first sample buffer duration=CMTime(seconds:nan timescale:0 value:0 flags:<empty>) id=channel-1-display newPresentationTime=CMTime(seconds:271747.33364675 timescale:1000000000 value:271747333646750 flags:valid) originalDecodeTime=CMTime(seconds:nan timescale:0 value:0 flags:<empty>) originalPresentationTime=CMTime(seconds:271747.332757541 timescale:1000000000 value:271747332757541 flags:valid)
2026-05-20T15:56:10.307-0500 notice   [SessionWriter: channel-1-display-0] Appending second sample buffer duration=CMTime(seconds:nan timescale:0 value:0 flags:<empty>) id=channel-1-display newPresentationTime=CMTime(seconds:271747.341090791 timescale:1000000000 value:271747341090791 flags:valid) originalDecodeTime=CMTime(seconds:nan timescale:0 value:0 flags:<empty>) originalPresentationTime=CMTime(seconds:271747.341090791 timescale:1000000000 value:271747341090791 flags:valid)
2026-05-20T15:56:10.308-0500 debug    [polyrecorder] Metadata file updated.
2026-05-20T15:56:10.354-0500 info     [DiskSpaceInfo] Current disk space update file:///Users/brian/Library/Application%20Support/Screen%20Studio/Screen%20Studio%20Recordings/Built-in%20Retina%20Display%202026-05-20%2015:56:09, total: 994.61 GB, available: 557.14 GB, availableForImportantUsage: 607.62 GB, availableForOpportunisticUsage: 556.87 GB available=557140946944 availableImportant=607620743614 availableOppertunistic=556867649217 total=994610155520
2026-05-20T15:56:11.042-0500 debug    [InputRecorderSession: 0] Generated mouse move events for cursor changes between mouse moves. after=271747.33364675 generatedEvents=1 id=channel-0-input session=0 untilIncluding=271748.077573041
2026-05-20T15:56:11.052-0500 debug    [SegmentedAssetWriterDelegate] Did output segment data: 697, segmentType:initialization, segmentReport:nil id=channel-1-display
2026-05-20T15:56:11.052-0500 debug    [SegmentedAssetWriterDelegate] Writing segment data: file:///Users/brian/Library/Application%20Support/Screen%20Studio/Screen%20Studio%20Recordings/Built-in%20Retina%20Display%202026-05-20%2015:56:09/channel-1-display-0-0000.mp4 id=channel-1-display
2026-05-20T15:56:11.053-0500 debug    [polyrecorder] Created playlist writer at file:///Users/brian/Library/Application%20Support/Screen%20Studio/Screen%20Studio%20Recordings/Built-in%20Retina%20Display%202026-05-20%2015:56:09/channel-1-display-0.m3u8 id=channel-1-display
2026-05-20T15:56:11.053-0500 debug    [SegmentedAssetWriterDelegate] Did output segment data: 1346473, segmentType:separable, segmentReport:AVAssetSegmentTrackReport(earliestPresentationTimeStamp:CMTime(seconds:271747.3333333333 timescale:600 value:163048400 flags:valid) duration:CMTime(seconds:0.6733333333333333 timescale:600 value:404 flags:valid) firstVideoSampleInformation:(presentationTimeStamp:CMTime(seconds:271747.3333333333 timescale:600 value:163048400 flags:valid) offset:968 length:44862 isSyncSample:true)) id=channel-1-display
2026-05-20T15:56:11.053-0500 debug    [SegmentedAssetWriterDelegate] Writing segment data: file:///Users/brian/Library/Application%20Support/Screen%20Studio/Screen%20Studio%20Recordings/Built-in%20Retina%20Display%202026-05-20%2015:56:09/channel-1-display-0-0001.m4s id=channel-1-display
2026-05-20T15:56:11.053-0500 info     [SegmentedAssetWriterDelegate] Appending channel-1-display-0-0001.m4s: CMTime(seconds:271747.3333333333 timescale:600 value:163048400 flags:valid) id=channel-1-display
2026-05-20T15:56:11.062-0500 debug    [polyrecorder] Metadata file updated.
2026-05-20T15:56:12.863-0500 debug    [InputRecorderSession: 0] Generated mouse move events for cursor changes between mouse moves. after=271748.117851875 generatedEvents=2 id=channel-0-input session=0 untilIncluding=271749.896773
2026-05-20T15:56:13.225-0500 debug    [SegmentedAssetWriterDelegate] Did output segment data: 800890, segmentType:separable, segmentReport:AVAssetSegmentTrackReport(earliestPresentationTimeStamp:CMTime(seconds:271748.00666666665 timescale:600 value:163048804 flags:valid) duration:CMTime(seconds:2.05 timescale:600 value:1230 flags:valid) firstVideoSampleInformation:(presentationTimeStamp:CMTime(seconds:271748.00666666665 timescale:600 value:163048804 flags:valid, hasBeenRounded) offset:832 length:221562 isSyncSample:true)) id=channel-1-display
2026-05-20T15:56:13.225-0500 debug    [SegmentedAssetWriterDelegate] Writing segment data: file:///Users/brian/Library/Application%20Support/Screen%20Studio/Screen%20Studio%20Recordings/Built-in%20Retina%20Display%202026-05-20%2015:56:09/channel-1-display-0-0002.m4s id=channel-1-display
2026-05-20T15:56:13.228-0500 info     [SegmentedAssetWriterDelegate] Appending channel-1-display-0-0002.m4s: CMTime(seconds:271748.00666666665 timescale:600 value:163048804 flags:valid) id=channel-1-display
2026-05-20T15:56:15.054-0500 debug    [StreamCoordinator: channel-1-display] SCFrameStatus summary for last 5 seconds id=channel-1-display summary=[("complete", 165), ("idle", 214)] total=379
2026-05-20T15:56:15.226-0500 debug    [SegmentedAssetWriterDelegate] Did output segment data: 593548, segmentType:separable, segmentReport:AVAssetSegmentTrackReport(earliestPresentationTimeStamp:CMTime(seconds:271750.05666666664 timescale:600 value:163050034 flags:valid) duration:CMTime(seconds:2.0 timescale:600 value:1200 flags:valid) firstVideoSampleInformation:(presentationTimeStamp:CMTime(seconds:271750.05666666664 timescale:600 value:163050034 flags:valid, hasBeenRounded) offset:464 length:315661 isSyncSample:true)) id=channel-1-display
2026-05-20T15:56:15.226-0500 debug    [SegmentedAssetWriterDelegate] Writing segment data: file:///Users/brian/Library/Application%20Support/Screen%20Studio/Screen%20Studio%20Recordings/Built-in%20Retina%20Display%202026-05-20%2015:56:09/channel-1-display-0-0003.m4s id=channel-1-display
2026-05-20T15:56:15.230-0500 info     [SegmentedAssetWriterDelegate] Appending channel-1-display-0-0003.m4s: CMTime(seconds:271750.05666666664 timescale:600 value:163050034 flags:valid) id=channel-1-display
2026-05-20T15:56:17.013-0500 debug    [SegmentedAssetWriterDelegate] Did output segment data: 1878994, segmentType:separable, segmentReport:AVAssetSegmentTrackReport(earliestPresentationTimeStamp:CMTime(seconds:271752.05666666664 timescale:600 value:163051234 flags:valid) duration:CMTime(seconds:1.95 timescale:600 value:1170 flags:valid) firstVideoSampleInformation:(presentationTimeStamp:CMTime(seconds:271752.05666666664 timescale:600 value:163051234 flags:valid, hasBeenRounded) offset:1040 length:611055 isSyncSample:true)) id=channel-1-display
2026-05-20T15:56:17.013-0500 debug    [SegmentedAssetWriterDelegate] Writing segment data: file:///Users/brian/Library/Application%20Support/Screen%20Studio/Screen%20Studio%20Recordings/Built-in%20Retina%20Display%202026-05-20%2015:56:09/channel-1-display-0-0004.m4s id=channel-1-display
2026-05-20T15:56:17.015-0500 info     [SegmentedAssetWriterDelegate] Appending channel-1-display-0-0004.m4s: CMTime(seconds:271752.05666666664 timescale:600 value:163051234 flags:valid) id=channel-1-display
2026-05-20T15:56:19.022-0500 debug    [SegmentedAssetWriterDelegate] Did output segment data: 5093060, segmentType:separable, segmentReport:AVAssetSegmentTrackReport(earliestPresentationTimeStamp:CMTime(seconds:271754.00666666665 timescale:600 value:163052404 flags:valid) duration:CMTime(seconds:2.0 timescale:600 value:1200 flags:valid) firstVideoSampleInformation:(presentationTimeStamp:CMTime(seconds:271754.00666666665 timescale:600 value:163052404 flags:valid, hasBeenRounded) offset:2020 length:558049 isSyncSample:true)) id=channel-1-display
2026-05-20T15:56:19.022-0500 debug    [SegmentedAssetWriterDelegate] Writing segment data: file:///Users/brian/Library/Application%20Support/Screen%20Studio/Screen%20Studio%20Recordings/Built-in%20Retina%20Display%202026-05-20%2015:56:09/channel-1-display-0-0005.m4s id=channel-1-display
2026-05-20T15:56:19.024-0500 info     [SegmentedAssetWriterDelegate] Appending channel-1-display-0-0005.m4s: CMTime(seconds:271754.00666666665 timescale:600 value:163052404 flags:valid) id=channel-1-display
2026-05-20T15:56:20.055-0500 debug    [StreamCoordinator: channel-1-display] SCFrameStatus summary for last 5 seconds id=channel-1-display summary=[("complete", 323), ("idle", 131)] total=454
2026-05-20T15:56:20.618-0500 debug    [InputRecorderSession: 0] Generated mouse move events for cursor changes between mouse moves. after=271750.154316541 generatedEvents=1 id=channel-0-input session=0 untilIncluding=271757.653363333
2026-05-20T15:56:20.713-0500 debug    [InputRecorderSession: 0] Generated mouse move events for cursor changes between mouse moves. after=271757.73157825 generatedEvents=1 id=channel-0-input session=0 untilIncluding=271757.739562416
2026-05-20T15:56:20.732-0500 debug    [InputRecorderSession: 0] Generated mouse move events for cursor changes between mouse moves. after=271757.755648375 generatedEvents=1 id=channel-0-input session=0 untilIncluding=271757.763710416
2026-05-20T15:56:20.959-0500 debug    [InputRecorderSession: 0] Generated mouse move events for cursor changes between mouse moves. after=271757.9729225 generatedEvents=1 id=channel-0-input session=0 untilIncluding=271757.981013958
2026-05-20T15:56:20.977-0500 debug    [InputRecorderSession: 0] Generated mouse move events for cursor changes between mouse moves. after=271757.989039166 generatedEvents=1 id=channel-0-input session=0 untilIncluding=271757.997051916
2026-05-20T15:56:21.027-0500 debug    [SegmentedAssetWriterDelegate] Did output segment data: 5512925, segmentType:separable, segmentReport:AVAssetSegmentTrackReport(earliestPresentationTimeStamp:CMTime(seconds:271756.00666666665 timescale:600 value:163053604 flags:valid) duration:CMTime(seconds:2.0 timescale:600 value:1200 flags:valid) firstVideoSampleInformation:(presentationTimeStamp:CMTime(seconds:271756.00666666665 timescale:600 value:163053604 flags:valid, hasBeenRounded) offset:2408 length:753348 isSyncSample:true)) id=channel-1-display
2026-05-20T15:56:21.027-0500 debug    [SegmentedAssetWriterDelegate] Writing segment data: file:///Users/brian/Library/Application%20Support/Screen%20Studio/Screen%20Studio%20Recordings/Built-in%20Retina%20Display%202026-05-20%2015:56:09/channel-1-display-0-0006.m4s id=channel-1-display
2026-05-20T15:56:21.029-0500 info     [SegmentedAssetWriterDelegate] Appending channel-1-display-0-0006.m4s: CMTime(seconds:271756.00666666665 timescale:600 value:163053604 flags:valid) id=channel-1-display
2026-05-20T15:56:21.035-0500 debug    [InputRecorderSession: 0] Generated mouse move events for cursor changes between mouse moves. after=271758.053400875 generatedEvents=1 id=channel-0-input session=0 untilIncluding=271758.061445791
2026-05-20T15:56:21.066-0500 debug    [InputRecorderSession: 0] Generated mouse move events for cursor changes between mouse moves. after=271758.093731791 generatedEvents=1 id=channel-0-input session=0 untilIncluding=271758.101747333
2026-05-20T15:56:23.011-0500 debug    [SegmentedAssetWriterDelegate] Did output segment data: 4926523, segmentType:separable, segmentReport:AVAssetSegmentTrackReport(earliestPresentationTimeStamp:CMTime(seconds:271758.00666666665 timescale:600 value:163054804 flags:valid) duration:CMTime(seconds:2.0 timescale:600 value:1200 flags:valid) firstVideoSampleInformation:(presentationTimeStamp:CMTime(seconds:271758.00666666665 timescale:600 value:163054804 flags:valid, hasBeenRounded) offset:2092 length:753414 isSyncSample:true)) id=channel-1-display
2026-05-20T15:56:23.011-0500 debug    [SegmentedAssetWriterDelegate] Writing segment data: file:///Users/brian/Library/Application%20Support/Screen%20Studio/Screen%20Studio%20Recordings/Built-in%20Retina%20Display%202026-05-20%2015:56:09/channel-1-display-0-0007.m4s id=channel-1-display
2026-05-20T15:56:23.014-0500 info     [SegmentedAssetWriterDelegate] Appending channel-1-display-0-0007.m4s: CMTime(seconds:271758.00666666665 timescale:600 value:163054804 flags:valid) id=channel-1-display
2026-05-20T15:56:23.207-0500 debug    [InputRecorderSession: 0] Generated mouse move events for cursor changes between mouse moves. after=271758.577218541 generatedEvents=1 id=channel-0-input session=0 untilIncluding=271760.242479083
2026-05-20T15:56:25.055-0500 debug    [StreamCoordinator: channel-1-display] SCFrameStatus summary for last 5 seconds id=channel-1-display summary=[("complete", 453), ("idle", 54)] total=507
2026-05-20T15:56:25.058-0500 debug    [SegmentedAssetWriterDelegate] Did output segment data: 7807225, segmentType:separable, segmentReport:AVAssetSegmentTrackReport(earliestPresentationTimeStamp:CMTime(seconds:271760.00666666665 timescale:600 value:163056004 flags:valid) duration:CMTime(seconds:2.0 timescale:600 value:1200 flags:valid) firstVideoSampleInformation:(presentationTimeStamp:CMTime(seconds:271760.00666666665 timescale:600 value:163056004 flags:valid, hasBeenRounded) offset:2692 length:469732 isSyncSample:true)) id=channel-1-display
2026-05-20T15:56:25.058-0500 debug    [SegmentedAssetWriterDelegate] Writing segment data: file:///Users/brian/Library/Application%20Support/Screen%20Studio/Screen%20Studio%20Recordings/Built-in%20Retina%20Display%202026-05-20%2015:56:09/channel-1-display-0-0008.m4s id=channel-1-display
2026-05-20T15:56:25.061-0500 info     [SegmentedAssetWriterDelegate] Appending channel-1-display-0-0008.m4s: CMTime(seconds:271760.00666666665 timescale:600 value:163056004 flags:valid) id=channel-1-display
2026-05-20T15:56:27.017-0500 debug    [SegmentedAssetWriterDelegate] Did output segment data: 6882260, segmentType:separable, segmentReport:AVAssetSegmentTrackReport(earliestPresentationTimeStamp:CMTime(seconds:271762.00666666665 timescale:600 value:163057204 flags:valid) duration:CMTime(seconds:2.0 timescale:600 value:1200 flags:valid) firstVideoSampleInformation:(presentationTimeStamp:CMTime(seconds:271762.00666666665 timescale:600 value:163057204 flags:valid, hasBeenRounded) offset:2356 length:634159 isSyncSample:true)) id=channel-1-display
2026-05-20T15:56:27.017-0500 debug    [SegmentedAssetWriterDelegate] Writing segment data: file:///Users/brian/Library/Application%20Support/Screen%20Studio/Screen%20Studio%20Recordings/Built-in%20Retina%20Display%202026-05-20%2015:56:09/channel-1-display-0-0009.m4s id=channel-1-display
2026-05-20T15:56:27.022-0500 info     [SegmentedAssetWriterDelegate] Appending channel-1-display-0-0009.m4s: CMTime(seconds:271762.00666666665 timescale:600 value:163057204 flags:valid) id=channel-1-display
2026-05-20T15:56:27.535-0500 debug    [InputRecorderSession: 0] Generated mouse move events for cursor changes between mouse moves. after=271764.537566541 generatedEvents=1 id=channel-0-input session=0 untilIncluding=271764.57071775
2026-05-20T15:56:27.572-0500 debug    [InputRecorderSession: 0] Generated mouse move events for cursor changes between mouse moves. after=271764.593160875 generatedEvents=1 id=channel-0-input session=0 untilIncluding=271764.604211375
2026-05-20T15:56:27.628-0500 debug    [InputRecorderSession: 0] Generated mouse move events for cursor changes between mouse moves. after=271764.653494291 generatedEvents=1 id=channel-0-input session=0 untilIncluding=271764.6636015
2026-05-20T15:56:29.003-0500 debug    [SegmentedAssetWriterDelegate] Did output segment data: 6979878, segmentType:separable, segmentReport:AVAssetSegmentTrackReport(earliestPresentationTimeStamp:CMTime(seconds:271764.00666666665 timescale:600 value:163058404 flags:valid) duration:CMTime(seconds:1.9966666666666666 timescale:600 value:1198 flags:valid) firstVideoSampleInformation:(presentationTimeStamp:CMTime(seconds:271764.00666666665 timescale:600 value:163058404 flags:valid, hasBeenRounded) offset:1908 length:722247 isSyncSample:true)) id=channel-1-display
2026-05-20T15:56:29.004-0500 debug    [SegmentedAssetWriterDelegate] Writing segment data: file:///Users/brian/Library/Application%20Support/Screen%20Studio/Screen%20Studio%20Recordings/Built-in%20Retina%20Display%202026-05-20%2015:56:09/channel-1-display-0-0010.m4s id=channel-1-display
2026-05-20T15:56:29.007-0500 info     [SegmentedAssetWriterDelegate] Appending channel-1-display-0-0010.m4s: CMTime(seconds:271764.00666666665 timescale:600 value:163058404 flags:valid) id=channel-1-display
2026-05-20T15:56:30.054-0500 debug    [StreamCoordinator: channel-1-display] SCFrameStatus summary for last 5 seconds id=channel-1-display summary=[("complete", 424), ("idle", 54)] total=478
2026-05-20T15:56:31.042-0500 debug    [SegmentedAssetWriterDelegate] Did output segment data: 4972448, segmentType:separable, segmentReport:AVAssetSegmentTrackReport(earliestPresentationTimeStamp:CMTime(seconds:271766.00333333336 timescale:600 value:163059602 flags:valid) duration:CMTime(seconds:2.0 timescale:600 value:1200 flags:valid) firstVideoSampleInformation:(presentationTimeStamp:CMTime(seconds:271766.00333333336 timescale:600 value:163059602 flags:valid, hasBeenRounded) offset:2688 length:553808 isSyncSample:true)) id=channel-1-display
2026-05-20T15:56:31.042-0500 debug    [SegmentedAssetWriterDelegate] Writing segment data: file:///Users/brian/Library/Application%20Support/Screen%20Studio/Screen%20Studio%20Recordings/Built-in%20Retina%20Display%202026-05-20%2015:56:09/channel-1-display-0-0011.m4s id=channel-1-display
2026-05-20T15:56:31.046-0500 info     [SegmentedAssetWriterDelegate] Appending channel-1-display-0-0011.m4s: CMTime(seconds:271766.00333333336 timescale:600 value:163059602 flags:valid) id=channel-1-display
2026-05-20T15:56:33.008-0500 debug    [SegmentedAssetWriterDelegate] Did output segment data: 4207669, segmentType:separable, segmentReport:AVAssetSegmentTrackReport(earliestPresentationTimeStamp:CMTime(seconds:271768.00333333336 timescale:600 value:163060802 flags:valid) duration:CMTime(seconds:2.0 timescale:600 value:1200 flags:valid) firstVideoSampleInformation:(presentationTimeStamp:CMTime(seconds:271768.00333333336 timescale:600 value:163060802 flags:valid, hasBeenRounded) offset:2140 length:566145 isSyncSample:true)) id=channel-1-display
2026-05-20T15:56:33.008-0500 debug    [SegmentedAssetWriterDelegate] Writing segment data: file:///Users/brian/Library/Application%20Support/Screen%20Studio/Screen%20Studio%20Recordings/Built-in%20Retina%20Display%202026-05-20%2015:56:09/channel-1-display-0-0012.m4s id=channel-1-display
2026-05-20T15:56:33.012-0500 info     [SegmentedAssetWriterDelegate] Appending channel-1-display-0-0012.m4s: CMTime(seconds:271768.00333333336 timescale:600 value:163060802 flags:valid) id=channel-1-display
2026-05-20T15:56:35.054-0500 debug    [StreamCoordinator: channel-1-display] SCFrameStatus summary for last 5 seconds id=channel-1-display summary=[("complete", 361), ("idle", 105)] total=466
2026-05-20T15:56:35.064-0500 debug    [SegmentedAssetWriterDelegate] Did output segment data: 2776076, segmentType:separable, segmentReport:AVAssetSegmentTrackReport(earliestPresentationTimeStamp:CMTime(seconds:271770.00333333336 timescale:600 value:163062002 flags:valid) duration:CMTime(seconds:2.058333333333333 timescale:600 value:1235 flags:valid) firstVideoSampleInformation:(presentationTimeStamp:CMTime(seconds:271770.00333333336 timescale:600 value:163062002 flags:valid, hasBeenRounded) offset:1452 length:563652 isSyncSample:true)) id=channel-1-display
2026-05-20T15:56:35.064-0500 debug    [SegmentedAssetWriterDelegate] Writing segment data: file:///Users/brian/Library/Application%20Support/Screen%20Studio/Screen%20Studio%20Recordings/Built-in%20Retina%20Display%202026-05-20%2015:56:09/channel-1-display-0-0013.m4s id=channel-1-display
2026-05-20T15:56:35.069-0500 info     [SegmentedAssetWriterDelegate] Appending channel-1-display-0-0013.m4s: CMTime(seconds:271770.00333333336 timescale:600 value:163062002 flags:valid) id=channel-1-display
2026-05-20T15:56:37.023-0500 debug    [SegmentedAssetWriterDelegate] Did output segment data: 4662532, segmentType:separable, segmentReport:AVAssetSegmentTrackReport(earliestPresentationTimeStamp:CMTime(seconds:271772.06166666665 timescale:600 value:163063237 flags:valid) duration:CMTime(seconds:1.9416666666666667 timescale:600 value:1165 flags:valid) firstVideoSampleInformation:(presentationTimeStamp:CMTime(seconds:271772.06166666665 timescale:600 value:163063237 flags:valid, hasBeenRounded) offset:2260 length:734791 isSyncSample:true)) id=channel-1-display
2026-05-20T15:56:37.023-0500 debug    [SegmentedAssetWriterDelegate] Writing segment data: file:///Users/brian/Library/Application%20Support/Screen%20Studio/Screen%20Studio%20Recordings/Built-in%20Retina%20Display%202026-05-20%2015:56:09/channel-1-display-0-0014.m4s id=channel-1-display
2026-05-20T15:56:37.026-0500 info     [SegmentedAssetWriterDelegate] Appending channel-1-display-0-0014.m4s: CMTime(seconds:271772.06166666665 timescale:600 value:163063237 flags:valid) id=channel-1-display
2026-05-20T15:56:39.206-0500 debug    [SegmentedAssetWriterDelegate] Did output segment data: 2304969, segmentType:separable, segmentReport:AVAssetSegmentTrackReport(earliestPresentationTimeStamp:CMTime(seconds:271774.00333333336 timescale:600 value:163064402 flags:valid) duration:CMTime(seconds:2.058333333333333 timescale:600 value:1235 flags:valid) firstVideoSampleInformation:(presentationTimeStamp:CMTime(seconds:271774.00333333336 timescale:600 value:163064402 flags:valid, hasBeenRounded) offset:1108 length:734162 isSyncSample:true)) id=channel-1-display
2026-05-20T15:56:39.206-0500 debug    [SegmentedAssetWriterDelegate] Writing segment data: file:///Users/brian/Library/Application%20Support/Screen%20Studio/Screen%20Studio%20Recordings/Built-in%20Retina%20Display%202026-05-20%2015:56:09/channel-1-display-0-0015.m4s id=channel-1-display
2026-05-20T15:56:39.210-0500 info     [SegmentedAssetWriterDelegate] Appending channel-1-display-0-0015.m4s: CMTime(seconds:271774.00333333336 timescale:600 value:163064402 flags:valid) id=channel-1-display
2026-05-20T15:56:40.054-0500 debug    [StreamCoordinator: channel-1-display] SCFrameStatus summary for last 5 seconds id=channel-1-display summary=[("complete", 251), ("idle", 169)] total=420
2026-05-20T15:56:41.097-0500 debug    [SegmentedAssetWriterDelegate] Did output segment data: 752416, segmentType:separable, segmentReport:AVAssetSegmentTrackReport(earliestPresentationTimeStamp:CMTime(seconds:271776.06166666665 timescale:600 value:163065637 flags:valid) duration:CMTime(seconds:2.0 timescale:600 value:1200 flags:valid) firstVideoSampleInformation:(presentationTimeStamp:CMTime(seconds:271776.06166666665 timescale:600 value:163065637 flags:valid, hasBeenRounded) offset:236 length:734687 isSyncSample:true)) id=channel-1-display
2026-05-20T15:56:41.098-0500 debug    [SegmentedAssetWriterDelegate] Writing segment data: file:///Users/brian/Library/Application%20Support/Screen%20Studio/Screen%20Studio%20Recordings/Built-in%20Retina%20Display%202026-05-20%2015:56:09/channel-1-display-0-0016.m4s id=channel-1-display
2026-05-20T15:56:41.099-0500 info     [SegmentedAssetWriterDelegate] Appending channel-1-display-0-0016.m4s: CMTime(seconds:271776.06166666665 timescale:600 value:163065637 flags:valid) id=channel-1-display
2026-05-20T15:56:43.159-0500 debug    [SegmentedAssetWriterDelegate] Did output segment data: 3792863, segmentType:separable, segmentReport:AVAssetSegmentTrackReport(earliestPresentationTimeStamp:CMTime(seconds:271778.06166666665 timescale:600 value:163066837 flags:valid) duration:CMTime(seconds:2.0 timescale:600 value:1200 flags:valid) firstVideoSampleInformation:(presentationTimeStamp:CMTime(seconds:271778.06166666665 timescale:600 value:163066837 flags:valid, hasBeenRounded) offset:1272 length:734839 isSyncSample:true)) id=channel-1-display
2026-05-20T15:56:43.159-0500 debug    [SegmentedAssetWriterDelegate] Writing segment data: file:///Users/brian/Library/Application%20Support/Screen%20Studio/Screen%20Studio%20Recordings/Built-in%20Retina%20Display%202026-05-20%2015:56:09/channel-1-display-0-0017.m4s id=channel-1-display
2026-05-20T15:56:43.166-0500 info     [SegmentedAssetWriterDelegate] Appending channel-1-display-0-0017.m4s: CMTime(seconds:271778.06166666665 timescale:600 value:163066837 flags:valid) id=channel-1-display
2026-05-20T15:56:45.017-0500 debug    [SegmentedAssetWriterDelegate] Did output segment data: 4615992, segmentType:separable, segmentReport:AVAssetSegmentTrackReport(earliestPresentationTimeStamp:CMTime(seconds:271780.06166666665 timescale:600 value:163068037 flags:valid) duration:CMTime(seconds:1.9416666666666667 timescale:600 value:1165 flags:valid) firstVideoSampleInformation:(presentationTimeStamp:CMTime(seconds:271780.06166666665 timescale:600 value:163068037 flags:valid, hasBeenRounded) offset:2104 length:735022 isSyncSample:true)) id=channel-1-display
2026-05-20T15:56:45.017-0500 debug    [SegmentedAssetWriterDelegate] Writing segment data: file:///Users/brian/Library/Application%20Support/Screen%20Studio/Screen%20Studio%20Recordings/Built-in%20Retina%20Display%202026-05-20%2015:56:09/channel-1-display-0-0018.m4s id=channel-1-display
2026-05-20T15:56:45.020-0500 info     [SegmentedAssetWriterDelegate] Appending channel-1-display-0-0018.m4s: CMTime(seconds:271780.06166666665 timescale:600 value:163068037 flags:valid) id=channel-1-display
2026-05-20T15:56:45.054-0500 debug    [StreamCoordinator: channel-1-display] SCFrameStatus summary for last 5 seconds id=channel-1-display summary=[("complete", 308), ("idle", 131)] total=439
2026-05-20T15:56:47.296-0500 debug    [SegmentedAssetWriterDelegate] Did output segment data: 3074650, segmentType:separable, segmentReport:AVAssetSegmentTrackReport(earliestPresentationTimeStamp:CMTime(seconds:271782.00333333336 timescale:600 value:163069202 flags:valid) duration:CMTime(seconds:2.058333333333333 timescale:600 value:1235 flags:valid) firstVideoSampleInformation:(presentationTimeStamp:CMTime(seconds:271782.00333333336 timescale:600 value:163069202 flags:valid, hasBeenRounded) offset:1500 length:734325 isSyncSample:true)) id=channel-1-display
2026-05-20T15:56:47.296-0500 debug    [SegmentedAssetWriterDelegate] Writing segment data: file:///Users/brian/Library/Application%20Support/Screen%20Studio/Screen%20Studio%20Recordings/Built-in%20Retina%20Display%202026-05-20%2015:56:09/channel-1-display-0-0019.m4s id=channel-1-display
2026-05-20T15:56:47.301-0500 info     [SegmentedAssetWriterDelegate] Appending channel-1-display-0-0019.m4s: CMTime(seconds:271782.00333333336 timescale:600 value:163069202 flags:valid) id=channel-1-display
2026-05-20T15:56:50.054-0500 debug    [StreamCoordinator: channel-1-display] SCFrameStatus summary for last 5 seconds id=channel-1-display summary=[("complete", 114), ("idle", 249)] total=363
2026-05-20T15:56:50.056-0500 debug    [SegmentedAssetWriterDelegate] Did output segment data: 752127, segmentType:separable, segmentReport:AVAssetSegmentTrackReport(earliestPresentationTimeStamp:CMTime(seconds:271784.06166666665 timescale:600 value:163070437 flags:valid) duration:CMTime(seconds:2.0 timescale:600 value:1200 flags:valid) firstVideoSampleInformation:(presentationTimeStamp:CMTime(seconds:271784.06166666665 timescale:600 value:163070437 flags:valid, hasBeenRounded) offset:228 length:734319 isSyncSample:true)) id=channel-1-display
2026-05-20T15:56:50.056-0500 debug    [SegmentedAssetWriterDelegate] Writing segment data: file:///Users/brian/Library/Application%20Support/Screen%20Studio/Screen%20Studio%20Recordings/Built-in%20Retina%20Display%202026-05-20%2015:56:09/channel-1-display-0-0020.m4s id=channel-1-display
2026-05-20T15:56:50.059-0500 info     [SegmentedAssetWriterDelegate] Appending channel-1-display-0-0020.m4s: CMTime(seconds:271784.06166666665 timescale:600 value:163070437 flags:valid) id=channel-1-display
2026-05-20T15:56:51.345-0500 debug    [SegmentedAssetWriterDelegate] Did output segment data: 735875, segmentType:separable, segmentReport:AVAssetSegmentTrackReport(earliestPresentationTimeStamp:CMTime(seconds:271786.06166666665 timescale:600 value:163071637 flags:valid) duration:CMTime(seconds:2.0 timescale:600 value:1200 flags:valid) firstVideoSampleInformation:(presentationTimeStamp:CMTime(seconds:271786.06166666665 timescale:600 value:163071637 flags:valid, hasBeenRounded) offset:136 length:734300 isSyncSample:true)) id=channel-1-display
2026-05-20T15:56:51.345-0500 debug    [SegmentedAssetWriterDelegate] Writing segment data: file:///Users/brian/Library/Application%20Support/Screen%20Studio/Screen%20Studio%20Recordings/Built-in%20Retina%20Display%202026-05-20%2015:56:09/channel-1-display-0-0021.m4s id=channel-1-display
2026-05-20T15:56:51.347-0500 info     [SegmentedAssetWriterDelegate] Appending channel-1-display-0-0021.m4s: CMTime(seconds:271786.06166666665 timescale:600 value:163071637 flags:valid) id=channel-1-display
2026-05-20T15:56:53.395-0500 debug    [SegmentedAssetWriterDelegate] Did output segment data: 744969, segmentType:separable, segmentReport:AVAssetSegmentTrackReport(earliestPresentationTimeStamp:CMTime(seconds:271788.06166666665 timescale:600 value:163072837 flags:valid) duration:CMTime(seconds:2.0 timescale:600 value:1200 flags:valid) firstVideoSampleInformation:(presentationTimeStamp:CMTime(seconds:271788.06166666665 timescale:600 value:163072837 flags:valid, hasBeenRounded) offset:180 length:734299 isSyncSample:true)) id=channel-1-display
2026-05-20T15:56:53.395-0500 debug    [SegmentedAssetWriterDelegate] Writing segment data: file:///Users/brian/Library/Application%20Support/Screen%20Studio/Screen%20Studio%20Recordings/Built-in%20Retina%20Display%202026-05-20%2015:56:09/channel-1-display-0-0022.m4s id=channel-1-display
2026-05-20T15:56:53.396-0500 info     [SegmentedAssetWriterDelegate] Appending channel-1-display-0-0022.m4s: CMTime(seconds:271788.06166666665 timescale:600 value:163072837 flags:valid) id=channel-1-display
2026-05-20T15:56:55.054-0500 debug    [StreamCoordinator: channel-1-display] SCFrameStatus summary for last 5 seconds id=channel-1-display summary=[("complete", 21), ("idle", 301)] total=322
2026-05-20T15:56:55.389-0500 debug    [SegmentedAssetWriterDelegate] Did output segment data: 753089, segmentType:separable, segmentReport:AVAssetSegmentTrackReport(earliestPresentationTimeStamp:CMTime(seconds:271790.06166666665 timescale:600 value:163074037 flags:valid) duration:CMTime(seconds:2.0 timescale:600 value:1200 flags:valid) firstVideoSampleInformation:(presentationTimeStamp:CMTime(seconds:271790.06166666665 timescale:600 value:163074037 flags:valid, hasBeenRounded) offset:244 length:734300 isSyncSample:true)) id=channel-1-display
2026-05-20T15:56:55.389-0500 debug    [SegmentedAssetWriterDelegate] Writing segment data: file:///Users/brian/Library/Application%20Support/Screen%20Studio/Screen%20Studio%20Recordings/Built-in%20Retina%20Display%202026-05-20%2015:56:09/channel-1-display-0-0023.m4s id=channel-1-display
2026-05-20T15:56:55.392-0500 info     [SegmentedAssetWriterDelegate] Appending channel-1-display-0-0023.m4s: CMTime(seconds:271790.06166666665 timescale:600 value:163074037 flags:valid) id=channel-1-display
2026-05-20T15:56:57.270-0500 debug    [SegmentedAssetWriterDelegate] Did output segment data: 752287, segmentType:separable, segmentReport:AVAssetSegmentTrackReport(earliestPresentationTimeStamp:CMTime(seconds:271792.06166666665 timescale:600 value:163075237 flags:valid) duration:CMTime(seconds:2.0 timescale:600 value:1200 flags:valid) firstVideoSampleInformation:(presentationTimeStamp:CMTime(seconds:271792.06166666665 timescale:600 value:163075237 flags:valid, hasBeenRounded) offset:228 length:734242 isSyncSample:true)) id=channel-1-display
2026-05-20T15:56:57.270-0500 debug    [SegmentedAssetWriterDelegate] Writing segment data: file:///Users/brian/Library/Application%20Support/Screen%20Studio/Screen%20Studio%20Recordings/Built-in%20Retina%20Display%202026-05-20%2015:56:09/channel-1-display-0-0024.m4s id=channel-1-display
2026-05-20T15:56:57.273-0500 info     [SegmentedAssetWriterDelegate] Appending channel-1-display-0-0024.m4s: CMTime(seconds:271792.06166666665 timescale:600 value:163075237 flags:valid) id=channel-1-display
2026-05-20T15:56:59.164-0500 debug    [SegmentedAssetWriterDelegate] Did output segment data: 742282, segmentType:separable, segmentReport:AVAssetSegmentTrackReport(earliestPresentationTimeStamp:CMTime(seconds:271794.06166666665 timescale:600 value:163076437 flags:valid) duration:CMTime(seconds:2.0 timescale:600 value:1200 flags:valid) firstVideoSampleInformation:(presentationTimeStamp:CMTime(seconds:271794.06166666665 timescale:600 value:163076437 flags:valid, hasBeenRounded) offset:164 length:734179 isSyncSample:true)) id=channel-1-display
2026-05-20T15:56:59.164-0500 debug    [SegmentedAssetWriterDelegate] Writing segment data: file:///Users/brian/Library/Application%20Support/Screen%20Studio/Screen%20Studio%20Recordings/Built-in%20Retina%20Display%202026-05-20%2015:56:09/channel-1-display-0-0025.m4s id=channel-1-display
2026-05-20T15:56:59.168-0500 info     [SegmentedAssetWriterDelegate] Appending channel-1-display-0-0025.m4s: CMTime(seconds:271794.06166666665 timescale:600 value:163076437 flags:valid) id=channel-1-display
2026-05-20T15:57:00.054-0500 debug    [StreamCoordinator: channel-1-display] SCFrameStatus summary for last 5 seconds id=channel-1-display summary=[("complete", 25), ("idle", 295)] total=320
2026-05-20T15:57:01.838-0500 debug    [SegmentedAssetWriterDelegate] Did output segment data: 752414, segmentType:separable, segmentReport:AVAssetSegmentTrackReport(earliestPresentationTimeStamp:CMTime(seconds:271796.06166666665 timescale:600 value:163077637 flags:valid) duration:CMTime(seconds:2.0 timescale:600 value:1200 flags:valid) firstVideoSampleInformation:(presentationTimeStamp:CMTime(seconds:271796.06166666665 timescale:600 value:163077637 flags:valid, hasBeenRounded) offset:240 length:734178 isSyncSample:true)) id=channel-1-display
2026-05-20T15:57:01.838-0500 debug    [SegmentedAssetWriterDelegate] Writing segment data: file:///Users/brian/Library/Application%20Support/Screen%20Studio/Screen%20Studio%20Recordings/Built-in%20Retina%20Display%202026-05-20%2015:56:09/channel-1-display-0-0026.m4s id=channel-1-display
2026-05-20T15:57:01.840-0500 info     [SegmentedAssetWriterDelegate] Appending channel-1-display-0-0026.m4s: CMTime(seconds:271796.06166666665 timescale:600 value:163077637 flags:valid) id=channel-1-display
2026-05-20T15:57:03.744-0500 debug    [SegmentedAssetWriterDelegate] Did output segment data: 751856, segmentType:separable, segmentReport:AVAssetSegmentTrackReport(earliestPresentationTimeStamp:CMTime(seconds:271798.06166666665 timescale:600 value:163078837 flags:valid) duration:CMTime(seconds:2.0 timescale:600 value:1200 flags:valid) firstVideoSampleInformation:(presentationTimeStamp:CMTime(seconds:271798.06166666665 timescale:600 value:163078837 flags:valid, hasBeenRounded) offset:240 length:733886 isSyncSample:true)) id=channel-1-display
2026-05-20T15:57:03.744-0500 debug    [SegmentedAssetWriterDelegate] Writing segment data: file:///Users/brian/Library/Application%20Support/Screen%20Studio/Screen%20Studio%20Recordings/Built-in%20Retina%20Display%202026-05-20%2015:56:09/channel-1-display-0-0027.m4s id=channel-1-display
2026-05-20T15:57:03.745-0500 info     [SegmentedAssetWriterDelegate] Appending channel-1-display-0-0027.m4s: CMTime(seconds:271798.06166666665 timescale:600 value:163078837 flags:valid) id=channel-1-display
2026-05-20T15:57:05.041-0500 debug    [SegmentedAssetWriterDelegate] Did output segment data: 749335, segmentType:separable, segmentReport:AVAssetSegmentTrackReport(earliestPresentationTimeStamp:CMTime(seconds:271800.06166666665 timescale:600 value:163080037 flags:valid) duration:CMTime(seconds:1.9416666666666667 timescale:600 value:1165 flags:valid) firstVideoSampleInformation:(presentationTimeStamp:CMTime(seconds:271800.06166666665 timescale:600 value:163080037 flags:valid, hasBeenRounded) offset:212 length:733776 isSyncSample:true)) id=channel-1-display
2026-05-20T15:57:05.041-0500 debug    [SegmentedAssetWriterDelegate] Writing segment data: file:///Users/brian/Library/Application%20Support/Screen%20Studio/Screen%20Studio%20Recordings/Built-in%20Retina%20Display%202026-05-20%2015:56:09/channel-1-display-0-0028.m4s id=channel-1-display
2026-05-20T15:57:05.043-0500 info     [SegmentedAssetWriterDelegate] Appending channel-1-display-0-0028.m4s: CMTime(seconds:271800.06166666665 timescale:600 value:163080037 flags:valid) id=channel-1-display
2026-05-20T15:57:05.054-0500 debug    [StreamCoordinator: channel-1-display] SCFrameStatus summary for last 5 seconds id=channel-1-display summary=[("complete", 29), ("idle", 297)] total=326
2026-05-20T15:57:07.433-0500 debug    [SegmentedAssetWriterDelegate] Did output segment data: 1496987, segmentType:separable, segmentReport:AVAssetSegmentTrackReport(earliestPresentationTimeStamp:CMTime(seconds:271802.00333333336 timescale:600 value:163081202 flags:valid) duration:CMTime(seconds:2.05 timescale:600 value:1230 flags:valid) firstVideoSampleInformation:(presentationTimeStamp:CMTime(seconds:271802.00333333336 timescale:600 value:163081202 flags:valid, hasBeenRounded) offset:416 length:734019 isSyncSample:true)) id=channel-1-display
2026-05-20T15:57:07.433-0500 debug    [SegmentedAssetWriterDelegate] Writing segment data: file:///Users/brian/Library/Application%20Support/Screen%20Studio/Screen%20Studio%20Recordings/Built-in%20Retina%20Display%202026-05-20%2015:56:09/channel-1-display-0-0029.m4s id=channel-1-display
2026-05-20T15:57:07.435-0500 info     [SegmentedAssetWriterDelegate] Appending channel-1-display-0-0029.m4s: CMTime(seconds:271802.00333333336 timescale:600 value:163081202 flags:valid) id=channel-1-display
2026-05-20T15:57:10.054-0500 debug    [StreamCoordinator: channel-1-display] SCFrameStatus summary for last 5 seconds id=channel-1-display summary=[("complete", 39), ("idle", 290)] total=329
2026-05-20T15:57:10.056-0500 debug    [SegmentedAssetWriterDelegate] Did output segment data: 752360, segmentType:separable, segmentReport:AVAssetSegmentTrackReport(earliestPresentationTimeStamp:CMTime(seconds:271804.05333333334 timescale:600 value:163082432 flags:valid) duration:CMTime(seconds:2.0083333333333333 timescale:600 value:1205 flags:valid) firstVideoSampleInformation:(presentationTimeStamp:CMTime(seconds:271804.05333333334 timescale:600 value:163082432 flags:valid, hasBeenRounded) offset:248 length:733904 isSyncSample:true)) id=channel-1-display
2026-05-20T15:57:10.056-0500 debug    [SegmentedAssetWriterDelegate] Writing segment data: file:///Users/brian/Library/Application%20Support/Screen%20Studio/Screen%20Studio%20Recordings/Built-in%20Retina%20Display%202026-05-20%2015:56:09/channel-1-display-0-0030.m4s id=channel-1-display
2026-05-20T15:57:10.059-0500 info     [SegmentedAssetWriterDelegate] Appending channel-1-display-0-0030.m4s: CMTime(seconds:271804.05333333334 timescale:600 value:163082432 flags:valid) id=channel-1-display
2026-05-20T15:57:11.332-0500 debug    [InputRecorderSession: 0] Generated mouse move events for cursor changes between mouse moves. after=271808.347466875 generatedEvents=1 id=channel-0-input session=0 untilIncluding=271808.355525583
2026-05-20T15:57:11.972-0500 debug    [SegmentedAssetWriterDelegate] Did output segment data: 750364, segmentType:separable, segmentReport:AVAssetSegmentTrackReport(earliestPresentationTimeStamp:CMTime(seconds:271806.06166666665 timescale:600 value:163083637 flags:valid) duration:CMTime(seconds:2.0 timescale:600 value:1200 flags:valid) firstVideoSampleInformation:(presentationTimeStamp:CMTime(seconds:271806.06166666665 timescale:600 value:163083637 flags:valid, hasBeenRounded) offset:236 length:733787 isSyncSample:true)) id=channel-1-display
2026-05-20T15:57:11.972-0500 debug    [SegmentedAssetWriterDelegate] Writing segment data: file:///Users/brian/Library/Application%20Support/Screen%20Studio/Screen%20Studio%20Recordings/Built-in%20Retina%20Display%202026-05-20%2015:56:09/channel-1-display-0-0031.m4s id=channel-1-display
2026-05-20T15:57:11.975-0500 info     [SegmentedAssetWriterDelegate] Appending channel-1-display-0-0031.m4s: CMTime(seconds:271806.06166666665 timescale:600 value:163083637 flags:valid) id=channel-1-display
2026-05-20T15:57:12.100-0500 debug    [InputRecorderSession: 0] Generated mouse move events for cursor changes between mouse moves. after=271809.127604875 generatedEvents=1 id=channel-0-input session=0 untilIncluding=271809.135814416
2026-05-20T15:57:12.996-0500 debug    [SegmentedAssetWriterDelegate] Did output segment data: 1538757, segmentType:separable, segmentReport:AVAssetSegmentTrackReport(earliestPresentationTimeStamp:CMTime(seconds:271808.06166666665 timescale:600 value:163084837 flags:valid) duration:CMTime(seconds:1.95 timescale:600 value:1170 flags:valid) firstVideoSampleInformation:(presentationTimeStamp:CMTime(seconds:271808.06166666665 timescale:600 value:163084837 flags:valid, hasBeenRounded) offset:640 length:733987 isSyncSample:true)) id=channel-1-display
2026-05-20T15:57:12.996-0500 debug    [SegmentedAssetWriterDelegate] Writing segment data: file:///Users/brian/Library/Application%20Support/Screen%20Studio/Screen%20Studio%20Recordings/Built-in%20Retina%20Display%202026-05-20%2015:56:09/channel-1-display-0-0032.m4s id=channel-1-display
2026-05-20T15:57:12.999-0500 info     [SegmentedAssetWriterDelegate] Appending channel-1-display-0-0032.m4s: CMTime(seconds:271808.06166666665 timescale:600 value:163084837 flags:valid) id=channel-1-display
2026-05-20T15:57:15.054-0500 debug    [StreamCoordinator: channel-1-display] SCFrameStatus summary for last 5 seconds id=channel-1-display summary=[("complete", 190), ("idle", 192)] total=382
2026-05-20T15:57:15.086-0500 debug    [SegmentedAssetWriterDelegate] Did output segment data: 4979247, segmentType:separable, segmentReport:AVAssetSegmentTrackReport(earliestPresentationTimeStamp:CMTime(seconds:271810.01166666666 timescale:600 value:163086007 flags:valid) duration:CMTime(seconds:2.0 timescale:600 value:1200 flags:valid) firstVideoSampleInformation:(presentationTimeStamp:CMTime(seconds:271810.01166666666 timescale:600 value:163086007 flags:valid, hasBeenRounded) offset:1300 length:675753 isSyncSample:true)) id=channel-1-display
2026-05-20T15:57:15.086-0500 debug    [SegmentedAssetWriterDelegate] Writing segment data: file:///Users/brian/Library/Application%20Support/Screen%20Studio/Screen%20Studio%20Recordings/Built-in%20Retina%20Display%202026-05-20%2015:56:09/channel-1-display-0-0033.m4s id=channel-1-display
2026-05-20T15:57:15.090-0500 info     [SegmentedAssetWriterDelegate] Appending channel-1-display-0-0033.m4s: CMTime(seconds:271810.01166666666 timescale:600 value:163086007 flags:valid) id=channel-1-display
2026-05-20T15:57:17.021-0500 debug    [SegmentedAssetWriterDelegate] Did output segment data: 4950877, segmentType:separable, segmentReport:AVAssetSegmentTrackReport(earliestPresentationTimeStamp:CMTime(seconds:271812.01166666666 timescale:600 value:163087207 flags:valid) duration:CMTime(seconds:1.9916666666666667 timescale:600 value:1195 flags:valid) firstVideoSampleInformation:(presentationTimeStamp:CMTime(seconds:271812.01166666666 timescale:600 value:163087207 flags:valid, hasBeenRounded) offset:1784 length:857425 isSyncSample:true)) id=channel-1-display
2026-05-20T15:57:17.021-0500 debug    [SegmentedAssetWriterDelegate] Writing segment data: file:///Users/brian/Library/Application%20Support/Screen%20Studio/Screen%20Studio%20Recordings/Built-in%20Retina%20Display%202026-05-20%2015:56:09/channel-1-display-0-0034.m4s id=channel-1-display
2026-05-20T15:57:17.024-0500 info     [SegmentedAssetWriterDelegate] Appending channel-1-display-0-0034.m4s: CMTime(seconds:271812.01166666666 timescale:600 value:163087207 flags:valid) id=channel-1-display
2026-05-20T15:57:19.054-0500 debug    [SegmentedAssetWriterDelegate] Did output segment data: 5734355, segmentType:separable, segmentReport:AVAssetSegmentTrackReport(earliestPresentationTimeStamp:CMTime(seconds:271814.00333333336 timescale:600 value:163088402 flags:valid) duration:CMTime(seconds:2.0083333333333333 timescale:600 value:1205 flags:valid) firstVideoSampleInformation:(presentationTimeStamp:CMTime(seconds:271814.00333333336 timescale:600 value:163088402 flags:valid, hasBeenRounded) offset:2036 length:855847 isSyncSample:true)) id=channel-1-display
2026-05-20T15:57:19.054-0500 debug    [SegmentedAssetWriterDelegate] Writing segment data: file:///Users/brian/Library/Application%20Support/Screen%20Studio/Screen%20Studio%20Recordings/Built-in%20Retina%20Display%202026-05-20%2015:56:09/channel-1-display-0-0035.m4s id=channel-1-display
2026-05-20T15:57:19.057-0500 info     [SegmentedAssetWriterDelegate] Appending channel-1-display-0-0035.m4s: CMTime(seconds:271814.00333333336 timescale:600 value:163088402 flags:valid) id=channel-1-display
2026-05-20T15:57:20.054-0500 debug    [StreamCoordinator: channel-1-display] SCFrameStatus summary for last 5 seconds id=channel-1-display summary=[("complete", 363), ("idle", 112)] total=475
2026-05-20T15:57:21.012-0500 debug    [SegmentedAssetWriterDelegate] Did output segment data: 4457802, segmentType:separable, segmentReport:AVAssetSegmentTrackReport(earliestPresentationTimeStamp:CMTime(seconds:271816.01166666666 timescale:600 value:163089607 flags:valid) duration:CMTime(seconds:1.9916666666666667 timescale:600 value:1195 flags:valid) firstVideoSampleInformation:(presentationTimeStamp:CMTime(seconds:271816.01166666666 timescale:600 value:163089607 flags:valid, hasBeenRounded) offset:1892 length:851240 isSyncSample:true)) id=channel-1-display
2026-05-20T15:57:21.012-0500 debug    [SegmentedAssetWriterDelegate] Writing segment data: file:///Users/brian/Library/Application%20Support/Screen%20Studio/Screen%20Studio%20Recordings/Built-in%20Retina%20Display%202026-05-20%2015:56:09/channel-1-display-0-0036.m4s id=channel-1-display
2026-05-20T15:57:21.017-0500 info     [SegmentedAssetWriterDelegate] Appending channel-1-display-0-0036.m4s: CMTime(seconds:271816.01166666666 timescale:600 value:163089607 flags:valid) id=channel-1-display
2026-05-20T15:57:23.007-0500 debug    [SegmentedAssetWriterDelegate] Did output segment data: 4753129, segmentType:separable, segmentReport:AVAssetSegmentTrackReport(earliestPresentationTimeStamp:CMTime(seconds:271818.00333333336 timescale:600 value:163090802 flags:valid) duration:CMTime(seconds:2.0 timescale:600 value:1200 flags:valid) firstVideoSampleInformation:(presentationTimeStamp:CMTime(seconds:271818.00333333336 timescale:600 value:163090802 flags:valid, hasBeenRounded) offset:1928 length:851229 isSyncSample:true)) id=channel-1-display
2026-05-20T15:57:23.007-0500 debug    [SegmentedAssetWriterDelegate] Writing segment data: file:///Users/brian/Library/Application%20Support/Screen%20Studio/Screen%20Studio%20Recordings/Built-in%20Retina%20Display%202026-05-20%2015:56:09/channel-1-display-0-0037.m4s id=channel-1-display
2026-05-20T15:57:23.010-0500 info     [SegmentedAssetWriterDelegate] Appending channel-1-display-0-0037.m4s: CMTime(seconds:271818.00333333336 timescale:600 value:163090802 flags:valid) id=channel-1-display
2026-05-20T15:57:25.039-0500 debug    [SegmentedAssetWriterDelegate] Did output segment data: 4847329, segmentType:separable, segmentReport:AVAssetSegmentTrackReport(earliestPresentationTimeStamp:CMTime(seconds:271820.00333333336 timescale:600 value:163092002 flags:valid) duration:CMTime(seconds:2.0083333333333333 timescale:600 value:1205 flags:valid) firstVideoSampleInformation:(presentationTimeStamp:CMTime(seconds:271820.00333333336 timescale:600 value:163092002 flags:valid, hasBeenRounded) offset:1900 length:851363 isSyncSample:true)) id=channel-1-display
2026-05-20T15:57:25.039-0500 debug    [SegmentedAssetWriterDelegate] Writing segment data: file:///Users/brian/Library/Application%20Support/Screen%20Studio/Screen%20Studio%20Recordings/Built-in%20Retina%20Display%202026-05-20%2015:56:09/channel-1-display-0-0038.m4s id=channel-1-display
2026-05-20T15:57:25.042-0500 info     [SegmentedAssetWriterDelegate] Appending channel-1-display-0-0038.m4s: CMTime(seconds:271820.00333333336 timescale:600 value:163092002 flags:valid) id=channel-1-display
2026-05-20T15:57:25.054-0500 debug    [StreamCoordinator: channel-1-display] SCFrameStatus summary for last 5 seconds id=channel-1-display summary=[("complete", 356), ("idle", 116)] total=472
2026-05-20T15:57:27.024-0500 debug    [SegmentedAssetWriterDelegate] Did output segment data: 4478655, segmentType:separable, segmentReport:AVAssetSegmentTrackReport(earliestPresentationTimeStamp:CMTime(seconds:271822.01166666666 timescale:600 value:163093207 flags:valid) duration:CMTime(seconds:2.0 timescale:600 value:1200 flags:valid) firstVideoSampleInformation:(presentationTimeStamp:CMTime(seconds:271822.01166666666 timescale:600 value:163093207 flags:valid, hasBeenRounded) offset:1832 length:856040 isSyncSample:true)) id=channel-1-display
2026-05-20T15:57:27.024-0500 debug    [SegmentedAssetWriterDelegate] Writing segment data: file:///Users/brian/Library/Application%20Support/Screen%20Studio/Screen%20Studio%20Recordings/Built-in%20Retina%20Display%202026-05-20%2015:56:09/channel-1-display-0-0039.m4s id=channel-1-display
2026-05-20T15:57:27.028-0500 info     [SegmentedAssetWriterDelegate] Appending channel-1-display-0-0039.m4s: CMTime(seconds:271822.01166666666 timescale:600 value:163093207 flags:valid) id=channel-1-display
2026-05-20T15:57:29.035-0500 debug    [SegmentedAssetWriterDelegate] Did output segment data: 5730645, segmentType:separable, segmentReport:AVAssetSegmentTrackReport(earliestPresentationTimeStamp:CMTime(seconds:271824.01166666666 timescale:600 value:163094407 flags:valid) duration:CMTime(seconds:2.0 timescale:600 value:1200 flags:valid) firstVideoSampleInformation:(presentationTimeStamp:CMTime(seconds:271824.01166666666 timescale:600 value:163094407 flags:valid, hasBeenRounded) offset:2072 length:856135 isSyncSample:true)) id=channel-1-display
2026-05-20T15:57:29.035-0500 debug    [SegmentedAssetWriterDelegate] Writing segment data: file:///Users/brian/Library/Application%20Support/Screen%20Studio/Screen%20Studio%20Recordings/Built-in%20Retina%20Display%202026-05-20%2015:56:09/channel-1-display-0-0040.m4s id=channel-1-display
2026-05-20T15:57:29.039-0500 info     [SegmentedAssetWriterDelegate] Appending channel-1-display-0-0040.m4s: CMTime(seconds:271824.01166666666 timescale:600 value:163094407 flags:valid) id=channel-1-display
2026-05-20T15:57:30.054-0500 debug    [StreamCoordinator: channel-1-display] SCFrameStatus summary for last 5 seconds id=channel-1-display summary=[("complete", 366), ("idle", 113)] total=479
2026-05-20T15:57:31.029-0500 debug    [SegmentedAssetWriterDelegate] Did output segment data: 4439840, segmentType:separable, segmentReport:AVAssetSegmentTrackReport(earliestPresentationTimeStamp:CMTime(seconds:271826.01166666666 timescale:600 value:163095607 flags:valid) duration:CMTime(seconds:2.0083333333333333 timescale:600 value:1205 flags:valid) firstVideoSampleInformation:(presentationTimeStamp:CMTime(seconds:271826.01166666666 timescale:600 value:163095607 flags:valid, hasBeenRounded) offset:1880 length:854344 isSyncSample:true)) id=channel-1-display
2026-05-20T15:57:31.029-0500 debug    [SegmentedAssetWriterDelegate] Writing segment data: file:///Users/brian/Library/Application%20Support/Screen%20Studio/Screen%20Studio%20Recordings/Built-in%20Retina%20Display%202026-05-20%2015:56:09/channel-1-display-0-0041.m4s id=channel-1-display
2026-05-20T15:57:31.036-0500 info     [SegmentedAssetWriterDelegate] Appending channel-1-display-0-0041.m4s: CMTime(seconds:271826.01166666666 timescale:600 value:163095607 flags:valid) id=channel-1-display
2026-05-20T15:57:33.020-0500 debug    [SegmentedAssetWriterDelegate] Did output segment data: 5249753, segmentType:separable, segmentReport:AVAssetSegmentTrackReport(earliestPresentationTimeStamp:CMTime(seconds:271828.02 timescale:600 value:163096812 flags:valid) duration:CMTime(seconds:1.9916666666666667 timescale:600 value:1195 flags:valid) firstVideoSampleInformation:(presentationTimeStamp:CMTime(seconds:271828.02 timescale:600 value:163096812 flags:valid, hasBeenRounded) offset:1852 length:854390 isSyncSample:true)) id=channel-1-display
2026-05-20T15:57:33.020-0500 debug    [SegmentedAssetWriterDelegate] Writing segment data: file:///Users/brian/Library/Application%20Support/Screen%20Studio/Screen%20Studio%20Recordings/Built-in%20Retina%20Display%202026-05-20%2015:56:09/channel-1-display-0-0042.m4s id=channel-1-display
2026-05-20T15:57:33.023-0500 info     [SegmentedAssetWriterDelegate] Appending channel-1-display-0-0042.m4s: CMTime(seconds:271828.02 timescale:600 value:163096812 flags:valid) id=channel-1-display
2026-05-20T15:57:35.020-0500 debug    [SegmentedAssetWriterDelegate] Did output segment data: 4487591, segmentType:separable, segmentReport:AVAssetSegmentTrackReport(earliestPresentationTimeStamp:CMTime(seconds:271830.01166666666 timescale:600 value:163098007 flags:valid) duration:CMTime(seconds:1.9916666666666667 timescale:600 value:1195 flags:valid) firstVideoSampleInformation:(presentationTimeStamp:CMTime(seconds:271830.01166666666 timescale:600 value:163098007 flags:valid, hasBeenRounded) offset:1856 length:858048 isSyncSample:true)) id=channel-1-display
2026-05-20T15:57:35.020-0500 debug    [SegmentedAssetWriterDelegate] Writing segment data: file:///Users/brian/Library/Application%20Support/Screen%20Studio/Screen%20Studio%20Recordings/Built-in%20Retina%20Display%202026-05-20%2015:56:09/channel-1-display-0-0043.m4s id=channel-1-display
2026-05-20T15:57:35.024-0500 info     [SegmentedAssetWriterDelegate] Appending channel-1-display-0-0043.m4s: CMTime(seconds:271830.01166666666 timescale:600 value:163098007 flags:valid) id=channel-1-display
2026-05-20T15:57:35.054-0500 debug    [StreamCoordinator: channel-1-display] SCFrameStatus summary for last 5 seconds id=channel-1-display summary=[("complete", 346), ("idle", 119)] total=465
2026-05-20T15:57:37.034-0500 debug    [SegmentedAssetWriterDelegate] Did output segment data: 4482237, segmentType:separable, segmentReport:AVAssetSegmentTrackReport(earliestPresentationTimeStamp:CMTime(seconds:271832.00333333336 timescale:600 value:163099202 flags:valid) duration:CMTime(seconds:2.0166666666666666 timescale:600 value:1210 flags:valid) firstVideoSampleInformation:(presentationTimeStamp:CMTime(seconds:271832.00333333336 timescale:600 value:163099202 flags:valid, hasBeenRounded) offset:1844 length:858158 isSyncSample:true)) id=channel-1-display
2026-05-20T15:57:37.035-0500 debug    [SegmentedAssetWriterDelegate] Writing segment data: file:///Users/brian/Library/Application%20Support/Screen%20Studio/Screen%20Studio%20Recordings/Built-in%20Retina%20Display%202026-05-20%2015:56:09/channel-1-display-0-0044.m4s id=channel-1-display
2026-05-20T15:57:37.037-0500 info     [SegmentedAssetWriterDelegate] Appending channel-1-display-0-0044.m4s: CMTime(seconds:271832.00333333336 timescale:600 value:163099202 flags:valid) id=channel-1-display
2026-05-20T15:57:39.023-0500 debug    [SegmentedAssetWriterDelegate] Did output segment data: 5065640, segmentType:separable, segmentReport:AVAssetSegmentTrackReport(earliestPresentationTimeStamp:CMTime(seconds:271834.02 timescale:600 value:163100412 flags:valid) duration:CMTime(seconds:1.9916666666666667 timescale:600 value:1195 flags:valid) firstVideoSampleInformation:(presentationTimeStamp:CMTime(seconds:271834.02 timescale:600 value:163100412 flags:valid, hasBeenRounded) offset:1972 length:858606 isSyncSample:true)) id=channel-1-display
2026-05-20T15:57:39.023-0500 debug    [SegmentedAssetWriterDelegate] Writing segment data: file:///Users/brian/Library/Application%20Support/Screen%20Studio/Screen%20Studio%20Recordings/Built-in%20Retina%20Display%202026-05-20%2015:56:09/channel-1-display-0-0045.m4s id=channel-1-display
2026-05-20T15:57:39.030-0500 info     [SegmentedAssetWriterDelegate] Appending channel-1-display-0-0045.m4s: CMTime(seconds:271834.02 timescale:600 value:163100412 flags:valid) id=channel-1-display
2026-05-20T15:57:40.054-0500 debug    [StreamCoordinator: channel-1-display] SCFrameStatus summary for last 5 seconds id=channel-1-display summary=[("complete", 346), ("idle", 123)] total=469
2026-05-20T15:57:41.022-0500 debug    [SegmentedAssetWriterDelegate] Did output segment data: 4536480, segmentType:separable, segmentReport:AVAssetSegmentTrackReport(earliestPresentationTimeStamp:CMTime(seconds:271836.01166666666 timescale:600 value:163101607 flags:valid) duration:CMTime(seconds:2.0 timescale:600 value:1200 flags:valid) firstVideoSampleInformation:(presentationTimeStamp:CMTime(seconds:271836.01166666666 timescale:600 value:163101607 flags:valid, hasBeenRounded) offset:1772 length:858002 isSyncSample:true)) id=channel-1-display
2026-05-20T15:57:41.022-0500 debug    [SegmentedAssetWriterDelegate] Writing segment data: file:///Users/brian/Library/Application%20Support/Screen%20Studio/Screen%20Studio%20Recordings/Built-in%20Retina%20Display%202026-05-20%2015:56:09/channel-1-display-0-0046.m4s id=channel-1-display
2026-05-20T15:57:41.024-0500 info     [SegmentedAssetWriterDelegate] Appending channel-1-display-0-0046.m4s: CMTime(seconds:271836.01166666666 timescale:600 value:163101607 flags:valid) id=channel-1-display
2026-05-20T15:57:43.019-0500 debug    [SegmentedAssetWriterDelegate] Did output segment data: 4829308, segmentType:separable, segmentReport:AVAssetSegmentTrackReport(earliestPresentationTimeStamp:CMTime(seconds:271838.01166666666 timescale:600 value:163102807 flags:valid) duration:CMTime(seconds:2.0 timescale:600 value:1200 flags:valid) firstVideoSampleInformation:(presentationTimeStamp:CMTime(seconds:271838.01166666666 timescale:600 value:163102807 flags:valid, hasBeenRounded) offset:1892 length:858456 isSyncSample:true)) id=channel-1-display
2026-05-20T15:57:43.019-0500 debug    [SegmentedAssetWriterDelegate] Writing segment data: file:///Users/brian/Library/Application%20Support/Screen%20Studio/Screen%20Studio%20Recordings/Built-in%20Retina%20Display%202026-05-20%2015:56:09/channel-1-display-0-0047.m4s id=channel-1-display
2026-05-20T15:57:43.023-0500 info     [SegmentedAssetWriterDelegate] Appending channel-1-display-0-0047.m4s: CMTime(seconds:271838.01166666666 timescale:600 value:163102807 flags:valid) id=channel-1-display
2026-05-20T15:57:45.020-0500 debug    [SegmentedAssetWriterDelegate] Did output segment data: 4785623, segmentType:separable, segmentReport:AVAssetSegmentTrackReport(earliestPresentationTimeStamp:CMTime(seconds:271840.01166666666 timescale:600 value:163104007 flags:valid) duration:CMTime(seconds:2.0083333333333333 timescale:600 value:1205 flags:valid) firstVideoSampleInformation:(presentationTimeStamp:CMTime(seconds:271840.01166666666 timescale:600 value:163104007 flags:valid, hasBeenRounded) offset:1844 length:858371 isSyncSample:true)) id=channel-1-display
2026-05-20T15:57:45.020-0500 debug    [SegmentedAssetWriterDelegate] Writing segment data: file:///Users/brian/Library/Application%20Support/Screen%20Studio/Screen%20Studio%20Recordings/Built-in%20Retina%20Display%202026-05-20%2015:56:09/channel-1-display-0-0048.m4s id=channel-1-display
2026-05-20T15:57:45.024-0500 info     [SegmentedAssetWriterDelegate] Appending channel-1-display-0-0048.m4s: CMTime(seconds:271840.01166666666 timescale:600 value:163104007 flags:valid) id=channel-1-display
2026-05-20T15:57:45.054-0500 debug    [StreamCoordinator: channel-1-display] SCFrameStatus summary for last 5 seconds id=channel-1-display summary=[("complete", 349), ("idle", 123)] total=472
2026-05-20T15:57:47.023-0500 debug    [SegmentedAssetWriterDelegate] Did output segment data: 5385492, segmentType:separable, segmentReport:AVAssetSegmentTrackReport(earliestPresentationTimeStamp:CMTime(seconds:271842.02 timescale:600 value:163105212 flags:valid) duration:CMTime(seconds:1.9833333333333334 timescale:600 value:1190 flags:valid) firstVideoSampleInformation:(presentationTimeStamp:CMTime(seconds:271842.02 timescale:600 value:163105212 flags:valid, hasBeenRounded) offset:2020 length:858549 isSyncSample:true)) id=channel-1-display
2026-05-20T15:57:47.023-0500 debug    [SegmentedAssetWriterDelegate] Writing segment data: file:///Users/brian/Library/Application%20Support/Screen%20Studio/Screen%20Studio%20Recordings/Built-in%20Retina%20Display%202026-05-20%2015:56:09/channel-1-display-0-0049.m4s id=channel-1-display
2026-05-20T15:57:47.029-0500 info     [SegmentedAssetWriterDelegate] Appending channel-1-display-0-0049.m4s: CMTime(seconds:271842.02 timescale:600 value:163105212 flags:valid) id=channel-1-display
2026-05-20T15:57:49.017-0500 debug    [SegmentedAssetWriterDelegate] Did output segment data: 4836251, segmentType:separable, segmentReport:AVAssetSegmentTrackReport(earliestPresentationTimeStamp:CMTime(seconds:271844.00333333336 timescale:600 value:163106402 flags:valid) duration:CMTime(seconds:2.0083333333333333 timescale:600 value:1205 flags:valid) firstVideoSampleInformation:(presentationTimeStamp:CMTime(seconds:271844.00333333336 timescale:600 value:163106402 flags:valid, hasBeenRounded) offset:1924 length:854322 isSyncSample:true)) id=channel-1-display
2026-05-20T15:57:49.017-0500 debug    [SegmentedAssetWriterDelegate] Writing segment data: file:///Users/brian/Library/Application%20Support/Screen%20Studio/Screen%20Studio%20Recordings/Built-in%20Retina%20Display%202026-05-20%2015:56:09/channel-1-display-0-0050.m4s id=channel-1-display
2026-05-20T15:57:49.023-0500 info     [SegmentedAssetWriterDelegate] Appending channel-1-display-0-0050.m4s: CMTime(seconds:271844.00333333336 timescale:600 value:163106402 flags:valid) id=channel-1-display
2026-05-20T15:57:50.054-0500 debug    [StreamCoordinator: channel-1-display] SCFrameStatus summary for last 5 seconds id=channel-1-display summary=[("complete", 366), ("idle", 113)] total=479
2026-05-20T15:57:51.031-0500 debug    [SegmentedAssetWriterDelegate] Did output segment data: 5126153, segmentType:separable, segmentReport:AVAssetSegmentTrackReport(earliestPresentationTimeStamp:CMTime(seconds:271846.01166666666 timescale:600 value:163107607 flags:valid) duration:CMTime(seconds:2.0 timescale:600 value:1200 flags:valid) firstVideoSampleInformation:(presentationTimeStamp:CMTime(seconds:271846.01166666666 timescale:600 value:163107607 flags:valid, hasBeenRounded) offset:1984 length:859713 isSyncSample:true)) id=channel-1-display
2026-05-20T15:57:51.031-0500 debug    [SegmentedAssetWriterDelegate] Writing segment data: file:///Users/brian/Library/Application%20Support/Screen%20Studio/Screen%20Studio%20Recordings/Built-in%20Retina%20Display%202026-05-20%2015:56:09/channel-1-display-0-0051.m4s id=channel-1-display
2026-05-20T15:57:51.037-0500 info     [SegmentedAssetWriterDelegate] Appending channel-1-display-0-0051.m4s: CMTime(seconds:271846.01166666666 timescale:600 value:163107607 flags:valid) id=channel-1-display
2026-05-20T15:57:53.005-0500 debug    [SegmentedAssetWriterDelegate] Did output segment data: 5354120, segmentType:separable, segmentReport:AVAssetSegmentTrackReport(earliestPresentationTimeStamp:CMTime(seconds:271848.01166666666 timescale:600 value:163108807 flags:valid) duration:CMTime(seconds:1.9916666666666667 timescale:600 value:1195 flags:valid) firstVideoSampleInformation:(presentationTimeStamp:CMTime(seconds:271848.01166666666 timescale:600 value:163108807 flags:valid, hasBeenRounded) offset:2036 length:861646 isSyncSample:true)) id=channel-1-display
2026-05-20T15:57:53.005-0500 debug    [SegmentedAssetWriterDelegate] Writing segment data: file:///Users/brian/Library/Application%20Support/Screen%20Studio/Screen%20Studio%20Recordings/Built-in%20Retina%20Display%202026-05-20%2015:56:09/channel-1-display-0-0052.m4s id=channel-1-display
2026-05-20T15:57:53.011-0500 info     [SegmentedAssetWriterDelegate] Appending channel-1-display-0-0052.m4s: CMTime(seconds:271848.01166666666 timescale:600 value:163108807 flags:valid) id=channel-1-display
2026-05-20T15:57:55.013-0500 debug    [SegmentedAssetWriterDelegate] Did output segment data: 4851295, segmentType:separable, segmentReport:AVAssetSegmentTrackReport(earliestPresentationTimeStamp:CMTime(seconds:271850.00333333336 timescale:600 value:163110002 flags:valid) duration:CMTime(seconds:2.0 timescale:600 value:1200 flags:valid) firstVideoSampleInformation:(presentationTimeStamp:CMTime(seconds:271850.00333333336 timescale:600 value:163110002 flags:valid, hasBeenRounded) offset:1864 length:861701 isSyncSample:true)) id=channel-1-display
2026-05-20T15:57:55.013-0500 debug    [SegmentedAssetWriterDelegate] Writing segment data: file:///Users/brian/Library/Application%20Support/Screen%20Studio/Screen%20Studio%20Recordings/Built-in%20Retina%20Display%202026-05-20%2015:56:09/channel-1-display-0-0053.m4s id=channel-1-display
2026-05-20T15:57:55.018-0500 info     [SegmentedAssetWriterDelegate] Appending channel-1-display-0-0053.m4s: CMTime(seconds:271850.00333333336 timescale:600 value:163110002 flags:valid) id=channel-1-display
2026-05-20T15:57:55.054-0500 debug    [StreamCoordinator: channel-1-display] SCFrameStatus summary for last 5 seconds id=channel-1-display summary=[("complete", 370), ("idle", 108)] total=478
2026-05-20T15:57:57.023-0500 debug    [SegmentedAssetWriterDelegate] Did output segment data: 4532668, segmentType:separable, segmentReport:AVAssetSegmentTrackReport(earliestPresentationTimeStamp:CMTime(seconds:271852.00333333336 timescale:600 value:163111202 flags:valid) duration:CMTime(seconds:2.0083333333333333 timescale:600 value:1205 flags:valid) firstVideoSampleInformation:(presentationTimeStamp:CMTime(seconds:271852.00333333336 timescale:600 value:163111202 flags:valid, hasBeenRounded) offset:1976 length:859981 isSyncSample:true)) id=channel-1-display
2026-05-20T15:57:57.023-0500 debug    [SegmentedAssetWriterDelegate] Writing segment data: file:///Users/brian/Library/Application%20Support/Screen%20Studio/Screen%20Studio%20Recordings/Built-in%20Retina%20Display%202026-05-20%2015:56:09/channel-1-display-0-0054.m4s id=channel-1-display
2026-05-20T15:57:57.031-0500 info     [SegmentedAssetWriterDelegate] Appending channel-1-display-0-0054.m4s: CMTime(seconds:271852.00333333336 timescale:600 value:163111202 flags:valid) id=channel-1-display
2026-05-20T15:57:59.012-0500 debug    [SegmentedAssetWriterDelegate] Did output segment data: 4827559, segmentType:separable, segmentReport:AVAssetSegmentTrackReport(earliestPresentationTimeStamp:CMTime(seconds:271854.01166666666 timescale:600 value:163112407 flags:valid) duration:CMTime(seconds:1.9916666666666667 timescale:600 value:1195 flags:valid) firstVideoSampleInformation:(presentationTimeStamp:CMTime(seconds:271854.01166666666 timescale:600 value:163112407 flags:valid, hasBeenRounded) offset:1852 length:845187 isSyncSample:true)) id=channel-1-display
2026-05-20T15:57:59.012-0500 debug    [SegmentedAssetWriterDelegate] Writing segment data: file:///Users/brian/Library/Application%20Support/Screen%20Studio/Screen%20Studio%20Recordings/Built-in%20Retina%20Display%202026-05-20%2015:56:09/channel-1-display-0-0055.m4s id=channel-1-display
2026-05-20T15:57:59.015-0500 info     [SegmentedAssetWriterDelegate] Appending channel-1-display-0-0055.m4s: CMTime(seconds:271854.01166666666 timescale:600 value:163112407 flags:valid) id=channel-1-display
2026-05-20T15:58:00.054-0500 debug    [StreamCoordinator: channel-1-display] SCFrameStatus summary for last 5 seconds id=channel-1-display summary=[("complete", 353), ("idle", 118)] total=471
2026-05-20T15:58:01.017-0500 debug    [SegmentedAssetWriterDelegate] Did output segment data: 4825352, segmentType:separable, segmentReport:AVAssetSegmentTrackReport(earliestPresentationTimeStamp:CMTime(seconds:271856.00333333336 timescale:600 value:163113602 flags:valid) duration:CMTime(seconds:2.0083333333333333 timescale:600 value:1205 flags:valid) firstVideoSampleInformation:(presentationTimeStamp:CMTime(seconds:271856.00333333336 timescale:600 value:163113602 flags:valid, hasBeenRounded) offset:1852 length:859430 isSyncSample:true)) id=channel-1-display
2026-05-20T15:58:01.017-0500 debug    [SegmentedAssetWriterDelegate] Writing segment data: file:///Users/brian/Library/Application%20Support/Screen%20Studio/Screen%20Studio%20Recordings/Built-in%20Retina%20Display%202026-05-20%2015:56:09/channel-1-display-0-0056.m4s id=channel-1-display
2026-05-20T15:58:01.020-0500 info     [SegmentedAssetWriterDelegate] Appending channel-1-display-0-0056.m4s: CMTime(seconds:271856.00333333336 timescale:600 value:163113602 flags:valid) id=channel-1-display
2026-05-20T15:58:03.005-0500 debug    [SegmentedAssetWriterDelegate] Did output segment data: 4510581, segmentType:separable, segmentReport:AVAssetSegmentTrackReport(earliestPresentationTimeStamp:CMTime(seconds:271858.01166666666 timescale:600 value:163114807 flags:valid) duration:CMTime(seconds:1.9916666666666667 timescale:600 value:1195 flags:valid) firstVideoSampleInformation:(presentationTimeStamp:CMTime(seconds:271858.01166666666 timescale:600 value:163114807 flags:valid, hasBeenRounded) offset:1856 length:861909 isSyncSample:true)) id=channel-1-display
2026-05-20T15:58:03.005-0500 debug    [SegmentedAssetWriterDelegate] Writing segment data: file:///Users/brian/Library/Application%20Support/Screen%20Studio/Screen%20Studio%20Recordings/Built-in%20Retina%20Display%202026-05-20%2015:56:09/channel-1-display-0-0057.m4s id=channel-1-display
2026-05-20T15:58:03.009-0500 info     [SegmentedAssetWriterDelegate] Appending channel-1-display-0-0057.m4s: CMTime(seconds:271858.01166666666 timescale:600 value:163114807 flags:valid) id=channel-1-display
2026-05-20T15:58:05.000-0500 debug    [SegmentedAssetWriterDelegate] Did output segment data: 4795506, segmentType:separable, segmentReport:AVAssetSegmentTrackReport(earliestPresentationTimeStamp:CMTime(seconds:271860.00333333336 timescale:600 value:163116002 flags:valid) duration:CMTime(seconds:2.0 timescale:600 value:1200 flags:valid) firstVideoSampleInformation:(presentationTimeStamp:CMTime(seconds:271860.00333333336 timescale:600 value:163116002 flags:valid, hasBeenRounded) offset:1820 length:861905 isSyncSample:true)) id=channel-1-display
2026-05-20T15:58:05.000-0500 debug    [SegmentedAssetWriterDelegate] Writing segment data: file:///Users/brian/Library/Application%20Support/Screen%20Studio/Screen%20Studio%20Recordings/Built-in%20Retina%20Display%202026-05-20%2015:56:09/channel-1-display-0-0058.m4s id=channel-1-display
2026-05-20T15:58:05.003-0500 info     [SegmentedAssetWriterDelegate] Appending channel-1-display-0-0058.m4s: CMTime(seconds:271860.00333333336 timescale:600 value:163116002 flags:valid) id=channel-1-display
2026-05-20T15:58:05.054-0500 debug    [StreamCoordinator: channel-1-display] SCFrameStatus summary for last 5 seconds id=channel-1-display summary=[("complete", 345), ("idle", 120)] total=465
2026-05-20T15:58:07.044-0500 debug    [SegmentedAssetWriterDelegate] Did output segment data: 5655682, segmentType:separable, segmentReport:AVAssetSegmentTrackReport(earliestPresentationTimeStamp:CMTime(seconds:271862.00333333336 timescale:600 value:163117202 flags:valid) duration:CMTime(seconds:2.0083333333333333 timescale:600 value:1205 flags:valid) firstVideoSampleInformation:(presentationTimeStamp:CMTime(seconds:271862.00333333336 timescale:600 value:163117202 flags:valid, hasBeenRounded) offset:2048 length:858224 isSyncSample:true)) id=channel-1-display
2026-05-20T15:58:07.044-0500 debug    [SegmentedAssetWriterDelegate] Writing segment data: file:///Users/brian/Library/Application%20Support/Screen%20Studio/Screen%20Studio%20Recordings/Built-in%20Retina%20Display%202026-05-20%2015:56:09/channel-1-display-0-0059.m4s id=channel-1-display
2026-05-20T15:58:07.048-0500 info     [SegmentedAssetWriterDelegate] Appending channel-1-display-0-0059.m4s: CMTime(seconds:271862.00333333336 timescale:600 value:163117202 flags:valid) id=channel-1-display
2026-05-20T15:58:09.009-0500 debug    [SegmentedAssetWriterDelegate] Did output segment data: 4524308, segmentType:separable, segmentReport:AVAssetSegmentTrackReport(earliestPresentationTimeStamp:CMTime(seconds:271864.01166666666 timescale:600 value:163118407 flags:valid) duration:CMTime(seconds:2.0 timescale:600 value:1200 flags:valid) firstVideoSampleInformation:(presentationTimeStamp:CMTime(seconds:271864.01166666666 timescale:600 value:163118407 flags:valid, hasBeenRounded) offset:1796 length:858508 isSyncSample:true)) id=channel-1-display
2026-05-20T15:58:09.009-0500 debug    [SegmentedAssetWriterDelegate] Writing segment data: file:///Users/brian/Library/Application%20Support/Screen%20Studio/Screen%20Studio%20Recordings/Built-in%20Retina%20Display%202026-05-20%2015:56:09/channel-1-display-0-0060.m4s id=channel-1-display
2026-05-20T15:58:09.012-0500 info     [SegmentedAssetWriterDelegate] Appending channel-1-display-0-0060.m4s: CMTime(seconds:271864.01166666666 timescale:600 value:163118407 flags:valid) id=channel-1-display
2026-05-20T15:58:10.054-0500 debug    [StreamCoordinator: channel-1-display] SCFrameStatus summary for last 5 seconds id=channel-1-display summary=[("complete", 353), ("idle", 121)] total=474
2026-05-20T15:58:11.026-0500 debug    [SegmentedAssetWriterDelegate] Did output segment data: 4804754, segmentType:separable, segmentReport:AVAssetSegmentTrackReport(earliestPresentationTimeStamp:CMTime(seconds:271866.01166666666 timescale:600 value:163119607 flags:valid) duration:CMTime(seconds:2.0166666666666666 timescale:600 value:1210 flags:valid) firstVideoSampleInformation:(presentationTimeStamp:CMTime(seconds:271866.01166666666 timescale:600 value:163119607 flags:valid, hasBeenRounded) offset:1936 length:858581 isSyncSample:true)) id=channel-1-display
2026-05-20T15:58:11.026-0500 debug    [SegmentedAssetWriterDelegate] Writing segment data: file:///Users/brian/Library/Application%20Support/Screen%20Studio/Screen%20Studio%20Recordings/Built-in%20Retina%20Display%202026-05-20%2015:56:09/channel-1-display-0-0061.m4s id=channel-1-display
2026-05-20T15:58:11.031-0500 info     [SegmentedAssetWriterDelegate] Appending channel-1-display-0-0061.m4s: CMTime(seconds:271866.01166666666 timescale:600 value:163119607 flags:valid) id=channel-1-display
2026-05-20T15:58:13.027-0500 debug    [SegmentedAssetWriterDelegate] Did output segment data: 4759540, segmentType:separable, segmentReport:AVAssetSegmentTrackReport(earliestPresentationTimeStamp:CMTime(seconds:271868.0283333333 timescale:600 value:163120817 flags:valid) duration:CMTime(seconds:1.975 timescale:600 value:1185 flags:valid) firstVideoSampleInformation:(presentationTimeStamp:CMTime(seconds:271868.0283333333 timescale:600 value:163120817 flags:valid, hasBeenRounded) offset:1972 length:858029 isSyncSample:true)) id=channel-1-display
2026-05-20T15:58:13.027-0500 debug    [SegmentedAssetWriterDelegate] Writing segment data: file:///Users/brian/Library/Application%20Support/Screen%20Studio/Screen%20Studio%20Recordings/Built-in%20Retina%20Display%202026-05-20%2015:56:09/channel-1-display-0-0062.m4s id=channel-1-display
2026-05-20T15:58:13.034-0500 info     [SegmentedAssetWriterDelegate] Appending channel-1-display-0-0062.m4s: CMTime(seconds:271868.0283333333 timescale:600 value:163120817 flags:valid) id=channel-1-display
2026-05-20T15:58:15.009-0500 debug    [SegmentedAssetWriterDelegate] Did output segment data: 4483489, segmentType:separable, segmentReport:AVAssetSegmentTrackReport(earliestPresentationTimeStamp:CMTime(seconds:271870.00333333336 timescale:600 value:163122002 flags:valid) duration:CMTime(seconds:2.0 timescale:600 value:1200 flags:valid) firstVideoSampleInformation:(presentationTimeStamp:CMTime(seconds:271870.00333333336 timescale:600 value:163122002 flags:valid, hasBeenRounded) offset:1952 length:859676 isSyncSample:true)) id=channel-1-display
2026-05-20T15:58:15.009-0500 debug    [SegmentedAssetWriterDelegate] Writing segment data: file:///Users/brian/Library/Application%20Support/Screen%20Studio/Screen%20Studio%20Recordings/Built-in%20Retina%20Display%202026-05-20%2015:56:09/channel-1-display-0-0063.m4s id=channel-1-display
2026-05-20T15:58:15.014-0500 info     [SegmentedAssetWriterDelegate] Appending channel-1-display-0-0063.m4s: CMTime(seconds:271870.00333333336 timescale:600 value:163122002 flags:valid) id=channel-1-display
2026-05-20T15:58:15.055-0500 debug    [StreamCoordinator: channel-1-display] SCFrameStatus summary for last 5 seconds id=channel-1-display summary=[("complete", 372), ("idle", 107)] total=479
2026-05-20T15:58:17.010-0500 debug    [SegmentedAssetWriterDelegate] Did output segment data: 4865233, segmentType:separable, segmentReport:AVAssetSegmentTrackReport(earliestPresentationTimeStamp:CMTime(seconds:271872.00333333336 timescale:600 value:163123202 flags:valid) duration:CMTime(seconds:2.0166666666666666 timescale:600 value:1210 flags:valid) firstVideoSampleInformation:(presentationTimeStamp:CMTime(seconds:271872.00333333336 timescale:600 value:163123202 flags:valid, hasBeenRounded) offset:1708 length:859793 isSyncSample:true)) id=channel-1-display
2026-05-20T15:58:17.010-0500 debug    [SegmentedAssetWriterDelegate] Writing segment data: file:///Users/brian/Library/Application%20Support/Screen%20Studio/Screen%20Studio%20Recordings/Built-in%20Retina%20Display%202026-05-20%2015:56:09/channel-1-display-0-0064.m4s id=channel-1-display
2026-05-20T15:58:17.016-0500 info     [SegmentedAssetWriterDelegate] Appending channel-1-display-0-0064.m4s: CMTime(seconds:271872.00333333336 timescale:600 value:163123202 flags:valid) id=channel-1-display
2026-05-20T15:58:19.020-0500 debug    [SegmentedAssetWriterDelegate] Did output segment data: 4547299, segmentType:separable, segmentReport:AVAssetSegmentTrackReport(earliestPresentationTimeStamp:CMTime(seconds:271874.02 timescale:600 value:163124412 flags:valid) duration:CMTime(seconds:1.9833333333333334 timescale:600 value:1190 flags:valid) firstVideoSampleInformation:(presentationTimeStamp:CMTime(seconds:271874.02 timescale:600 value:163124412 flags:valid, hasBeenRounded) offset:1988 length:859718 isSyncSample:true)) id=channel-1-display
2026-05-20T15:58:19.020-0500 debug    [SegmentedAssetWriterDelegate] Writing segment data: file:///Users/brian/Library/Application%20Support/Screen%20Studio/Screen%20Studio%20Recordings/Built-in%20Retina%20Display%202026-05-20%2015:56:09/channel-1-display-0-0065.m4s id=channel-1-display
2026-05-20T15:58:19.023-0500 info     [SegmentedAssetWriterDelegate] Appending channel-1-display-0-0065.m4s: CMTime(seconds:271874.02 timescale:600 value:163124412 flags:valid) id=channel-1-display
2026-05-20T15:58:20.054-0500 debug    [StreamCoordinator: channel-1-display] SCFrameStatus summary for last 5 seconds id=channel-1-display summary=[("complete", 338), ("idle", 127)] total=465
2026-05-20T15:58:20.996-0500 debug    [SegmentedAssetWriterDelegate] Did output segment data: 4759351, segmentType:separable, segmentReport:AVAssetSegmentTrackReport(earliestPresentationTimeStamp:CMTime(seconds:271876.00333333336 timescale:600 value:163125602 flags:valid) duration:CMTime(seconds:2.0 timescale:600 value:1200 flags:valid) firstVideoSampleInformation:(presentationTimeStamp:CMTime(seconds:271876.00333333336 timescale:600 value:163125602 flags:valid, hasBeenRounded) offset:1760 length:859781 isSyncSample:true)) id=channel-1-display
2026-05-20T15:58:20.996-0500 debug    [SegmentedAssetWriterDelegate] Writing segment data: file:///Users/brian/Library/Application%20Support/Screen%20Studio/Screen%20Studio%20Recordings/Built-in%20Retina%20Display%202026-05-20%2015:56:09/channel-1-display-0-0066.m4s id=channel-1-display
2026-05-20T15:58:20.998-0500 info     [SegmentedAssetWriterDelegate] Appending channel-1-display-0-0066.m4s: CMTime(seconds:271876.00333333336 timescale:600 value:163125602 flags:valid) id=channel-1-display
2026-05-20T15:58:23.016-0500 debug    [SegmentedAssetWriterDelegate] Did output segment data: 5686795, segmentType:separable, segmentReport:AVAssetSegmentTrackReport(earliestPresentationTimeStamp:CMTime(seconds:271878.00333333336 timescale:600 value:163126802 flags:valid) duration:CMTime(seconds:2.0 timescale:600 value:1200 flags:valid) firstVideoSampleInformation:(presentationTimeStamp:CMTime(seconds:271878.00333333336 timescale:600 value:163126802 flags:valid, hasBeenRounded) offset:2092 length:858838 isSyncSample:true)) id=channel-1-display
2026-05-20T15:58:23.016-0500 debug    [SegmentedAssetWriterDelegate] Writing segment data: file:///Users/brian/Library/Application%20Support/Screen%20Studio/Screen%20Studio%20Recordings/Built-in%20Retina%20Display%202026-05-20%2015:56:09/channel-1-display-0-0067.m4s id=channel-1-display
2026-05-20T15:58:23.021-0500 info     [SegmentedAssetWriterDelegate] Appending channel-1-display-0-0067.m4s: CMTime(seconds:271878.00333333336 timescale:600 value:163126802 flags:valid) id=channel-1-display
2026-05-20T15:58:25.009-0500 debug    [SegmentedAssetWriterDelegate] Did output segment data: 4516171, segmentType:separable, segmentReport:AVAssetSegmentTrackReport(earliestPresentationTimeStamp:CMTime(seconds:271880.00333333336 timescale:600 value:163128002 flags:valid) duration:CMTime(seconds:2.0 timescale:600 value:1200 flags:valid) firstVideoSampleInformation:(presentationTimeStamp:CMTime(seconds:271880.00333333336 timescale:600 value:163128002 flags:valid, hasBeenRounded) offset:1856 length:861604 isSyncSample:true)) id=channel-1-display
2026-05-20T15:58:25.009-0500 debug    [SegmentedAssetWriterDelegate] Writing segment data: file:///Users/brian/Library/Application%20Support/Screen%20Studio/Screen%20Studio%20Recordings/Built-in%20Retina%20Display%202026-05-20%2015:56:09/channel-1-display-0-0068.m4s id=channel-1-display
2026-05-20T15:58:25.013-0500 info     [SegmentedAssetWriterDelegate] Appending channel-1-display-0-0068.m4s: CMTime(seconds:271880.00333333336 timescale:600 value:163128002 flags:valid) id=channel-1-display
2026-05-20T15:58:25.054-0500 debug    [StreamCoordinator: channel-1-display] SCFrameStatus summary for last 5 seconds id=channel-1-display summary=[("complete", 364), ("idle", 114)] total=478
2026-05-20T15:58:27.003-0500 debug    [SegmentedAssetWriterDelegate] Did output segment data: 4835585, segmentType:separable, segmentReport:AVAssetSegmentTrackReport(earliestPresentationTimeStamp:CMTime(seconds:271882.00333333336 timescale:600 value:163129202 flags:valid) duration:CMTime(seconds:2.0 timescale:600 value:1200 flags:valid) firstVideoSampleInformation:(presentationTimeStamp:CMTime(seconds:271882.00333333336 timescale:600 value:163129202 flags:valid, hasBeenRounded) offset:1972 length:846521 isSyncSample:true)) id=channel-1-display
2026-05-20T15:58:27.003-0500 debug    [SegmentedAssetWriterDelegate] Writing segment data: file:///Users/brian/Library/Application%20Support/Screen%20Studio/Screen%20Studio%20Recordings/Built-in%20Retina%20Display%202026-05-20%2015:56:09/channel-1-display-0-0069.m4s id=channel-1-display
2026-05-20T15:58:27.009-0500 info     [SegmentedAssetWriterDelegate] Appending channel-1-display-0-0069.m4s: CMTime(seconds:271882.00333333336 timescale:600 value:163129202 flags:valid) id=channel-1-display
2026-05-20T15:58:28.995-0500 debug    [SegmentedAssetWriterDelegate] Did output segment data: 4462080, segmentType:separable, segmentReport:AVAssetSegmentTrackReport(earliestPresentationTimeStamp:CMTime(seconds:271884.00333333336 timescale:600 value:163130402 flags:valid) duration:CMTime(seconds:2.0 timescale:600 value:1200 flags:valid) firstVideoSampleInformation:(presentationTimeStamp:CMTime(seconds:271884.00333333336 timescale:600 value:163130402 flags:valid, hasBeenRounded) offset:1748 length:860592 isSyncSample:true)) id=channel-1-display
2026-05-20T15:58:28.995-0500 debug    [SegmentedAssetWriterDelegate] Writing segment data: file:///Users/brian/Library/Application%20Support/Screen%20Studio/Screen%20Studio%20Recordings/Built-in%20Retina%20Display%202026-05-20%2015:56:09/channel-1-display-0-0070.m4s id=channel-1-display
2026-05-20T15:58:29.000-0500 info     [SegmentedAssetWriterDelegate] Appending channel-1-display-0-0070.m4s: CMTime(seconds:271884.00333333336 timescale:600 value:163130402 flags:valid) id=channel-1-display
2026-05-20T15:58:30.054-0500 debug    [StreamCoordinator: channel-1-display] SCFrameStatus summary for last 5 seconds id=channel-1-display summary=[("complete", 345), ("idle", 125)] total=470
2026-05-20T15:58:30.998-0500 debug    [SegmentedAssetWriterDelegate] Did output segment data: 4861421, segmentType:separable, segmentReport:AVAssetSegmentTrackReport(earliestPresentationTimeStamp:CMTime(seconds:271886.00333333336 timescale:600 value:163131602 flags:valid) duration:CMTime(seconds:2.0 timescale:600 value:1200 flags:valid) firstVideoSampleInformation:(presentationTimeStamp:CMTime(seconds:271886.00333333336 timescale:600 value:163131602 flags:valid, hasBeenRounded) offset:1772 length:860715 isSyncSample:true)) id=channel-1-display
2026-05-20T15:58:30.998-0500 debug    [SegmentedAssetWriterDelegate] Writing segment data: file:///Users/brian/Library/Application%20Support/Screen%20Studio/Screen%20Studio%20Recordings/Built-in%20Retina%20Display%202026-05-20%2015:56:09/channel-1-display-0-0071.m4s id=channel-1-display
2026-05-20T15:58:31.002-0500 info     [SegmentedAssetWriterDelegate] Appending channel-1-display-0-0071.m4s: CMTime(seconds:271886.00333333336 timescale:600 value:163131602 flags:valid) id=channel-1-display
2026-05-20T15:58:33.006-0500 debug    [SegmentedAssetWriterDelegate] Did output segment data: 4698757, segmentType:separable, segmentReport:AVAssetSegmentTrackReport(earliestPresentationTimeStamp:CMTime(seconds:271888.00333333336 timescale:600 value:163132802 flags:valid) duration:CMTime(seconds:2.0083333333333333 timescale:600 value:1205 flags:valid) firstVideoSampleInformation:(presentationTimeStamp:CMTime(seconds:271888.00333333336 timescale:600 value:163132802 flags:valid, hasBeenRounded) offset:1772 length:860347 isSyncSample:true)) id=channel-1-display
2026-05-20T15:58:33.006-0500 debug    [SegmentedAssetWriterDelegate] Writing segment data: file:///Users/brian/Library/Application%20Support/Screen%20Studio/Screen%20Studio%20Recordings/Built-in%20Retina%20Display%202026-05-20%2015:56:09/channel-1-display-0-0072.m4s id=channel-1-display
2026-05-20T15:58:33.009-0500 info     [SegmentedAssetWriterDelegate] Appending channel-1-display-0-0072.m4s: CMTime(seconds:271888.00333333336 timescale:600 value:163132802 flags:valid) id=channel-1-display
2026-05-20T15:58:35.046-0500 debug    [SegmentedAssetWriterDelegate] Did output segment data: 4714960, segmentType:separable, segmentReport:AVAssetSegmentTrackReport(earliestPresentationTimeStamp:CMTime(seconds:271890.01166666666 timescale:600 value:163134007 flags:valid) duration:CMTime(seconds:2.0 timescale:600 value:1200 flags:valid) firstVideoSampleInformation:(presentationTimeStamp:CMTime(seconds:271890.01166666666 timescale:600 value:163134007 flags:valid, hasBeenRounded) offset:1764 length:860238 isSyncSample:true)) id=channel-1-display
2026-05-20T15:58:35.046-0500 debug    [SegmentedAssetWriterDelegate] Writing segment data: file:///Users/brian/Library/Application%20Support/Screen%20Studio/Screen%20Studio%20Recordings/Built-in%20Retina%20Display%202026-05-20%2015:56:09/channel-1-display-0-0073.m4s id=channel-1-display
2026-05-20T15:58:35.051-0500 info     [SegmentedAssetWriterDelegate] Appending channel-1-display-0-0073.m4s: CMTime(seconds:271890.01166666666 timescale:600 value:163134007 flags:valid) id=channel-1-display
2026-05-20T15:58:35.054-0500 debug    [StreamCoordinator: channel-1-display] SCFrameStatus summary for last 5 seconds id=channel-1-display summary=[("complete", 321), ("idle", 138)] total=459
2026-05-20T15:58:37.006-0500 debug    [SegmentedAssetWriterDelegate] Did output segment data: 4525639, segmentType:separable, segmentReport:AVAssetSegmentTrackReport(earliestPresentationTimeStamp:CMTime(seconds:271892.01166666666 timescale:600 value:163135207 flags:valid) duration:CMTime(seconds:1.9916666666666667 timescale:600 value:1195 flags:valid) firstVideoSampleInformation:(presentationTimeStamp:CMTime(seconds:271892.01166666666 timescale:600 value:163135207 flags:valid, hasBeenRounded) offset:1784 length:860675 isSyncSample:true)) id=channel-1-display
2026-05-20T15:58:37.006-0500 debug    [SegmentedAssetWriterDelegate] Writing segment data: file:///Users/brian/Library/Application%20Support/Screen%20Studio/Screen%20Studio%20Recordings/Built-in%20Retina%20Display%202026-05-20%2015:56:09/channel-1-display-0-0074.m4s id=channel-1-display
2026-05-20T15:58:37.009-0500 info     [SegmentedAssetWriterDelegate] Appending channel-1-display-0-0074.m4s: CMTime(seconds:271892.01166666666 timescale:600 value:163135207 flags:valid) id=channel-1-display
2026-05-20T15:58:38.997-0500 debug    [SegmentedAssetWriterDelegate] Did output segment data: 4783009, segmentType:separable, segmentReport:AVAssetSegmentTrackReport(earliestPresentationTimeStamp:CMTime(seconds:271894.00333333336 timescale:600 value:163136402 flags:valid) duration:CMTime(seconds:2.0033333333333334 timescale:600 value:1202 flags:valid) firstVideoSampleInformation:(presentationTimeStamp:CMTime(seconds:271894.00333333336 timescale:600 value:163136402 flags:valid, hasBeenRounded) offset:1796 length:860664 isSyncSample:true)) id=channel-1-display
2026-05-20T15:58:38.997-0500 debug    [SegmentedAssetWriterDelegate] Writing segment data: file:///Users/brian/Library/Application%20Support/Screen%20Studio/Screen%20Studio%20Recordings/Built-in%20Retina%20Display%202026-05-20%2015:56:09/channel-1-display-0-0075.m4s id=channel-1-display
2026-05-20T15:58:39.000-0500 info     [SegmentedAssetWriterDelegate] Appending channel-1-display-0-0075.m4s: CMTime(seconds:271894.00333333336 timescale:600 value:163136402 flags:valid) id=channel-1-display
2026-05-20T15:58:40.054-0500 debug    [StreamCoordinator: channel-1-display] SCFrameStatus summary for last 5 seconds id=channel-1-display summary=[("complete", 330), ("idle", 134)] total=464
2026-05-20T15:58:41.007-0500 debug    [SegmentedAssetWriterDelegate] Did output segment data: 5012489, segmentType:separable, segmentReport:AVAssetSegmentTrackReport(earliestPresentationTimeStamp:CMTime(seconds:271896.00666666665 timescale:600 value:163137604 flags:valid) duration:CMTime(seconds:2.0083333333333333 timescale:600 value:1205 flags:valid) firstVideoSampleInformation:(presentationTimeStamp:CMTime(seconds:271896.00666666665 timescale:600 value:163137604 flags:valid, hasBeenRounded) offset:1720 length:862059 isSyncSample:true)) id=channel-1-display
2026-05-20T15:58:41.007-0500 debug    [SegmentedAssetWriterDelegate] Writing segment data: file:///Users/brian/Library/Application%20Support/Screen%20Studio/Screen%20Studio%20Recordings/Built-in%20Retina%20Display%202026-05-20%2015:56:09/channel-1-display-0-0076.m4s id=channel-1-display
2026-05-20T15:58:41.012-0500 info     [SegmentedAssetWriterDelegate] Appending channel-1-display-0-0076.m4s: CMTime(seconds:271896.00666666665 timescale:600 value:163137604 flags:valid) id=channel-1-display
2026-05-20T15:58:43.015-0500 debug    [SegmentedAssetWriterDelegate] Did output segment data: 4439052, segmentType:separable, segmentReport:AVAssetSegmentTrackReport(earliestPresentationTimeStamp:CMTime(seconds:271898.015 timescale:600 value:163138809 flags:valid) duration:CMTime(seconds:2.0 timescale:600 value:1200 flags:valid) firstVideoSampleInformation:(presentationTimeStamp:CMTime(seconds:271898.015 timescale:600 value:163138809 flags:valid, hasBeenRounded) offset:1644 length:859752 isSyncSample:true)) id=channel-1-display
2026-05-20T15:58:43.015-0500 debug    [SegmentedAssetWriterDelegate] Writing segment data: file:///Users/brian/Library/Application%20Support/Screen%20Studio/Screen%20Studio%20Recordings/Built-in%20Retina%20Display%202026-05-20%2015:56:09/channel-1-display-0-0077.m4s id=channel-1-display
2026-05-20T15:58:43.019-0500 info     [SegmentedAssetWriterDelegate] Appending channel-1-display-0-0077.m4s: CMTime(seconds:271898.015 timescale:600 value:163138809 flags:valid) id=channel-1-display
2026-05-20T15:58:45.011-0500 debug    [SegmentedAssetWriterDelegate] Did output segment data: 4877085, segmentType:separable, segmentReport:AVAssetSegmentTrackReport(earliestPresentationTimeStamp:CMTime(seconds:271900.015 timescale:600 value:163140009 flags:valid) duration:CMTime(seconds:2.0 timescale:600 value:1200 flags:valid) firstVideoSampleInformation:(presentationTimeStamp:CMTime(seconds:271900.015 timescale:600 value:163140009 flags:valid, hasBeenRounded) offset:1796 length:859808 isSyncSample:true)) id=channel-1-display
2026-05-20T15:58:45.011-0500 debug    [SegmentedAssetWriterDelegate] Writing segment data: file:///Users/brian/Library/Application%20Support/Screen%20Studio/Screen%20Studio%20Recordings/Built-in%20Retina%20Display%202026-05-20%2015:56:09/channel-1-display-0-0078.m4s id=channel-1-display
2026-05-20T15:58:45.014-0500 info     [SegmentedAssetWriterDelegate] Appending channel-1-display-0-0078.m4s: CMTime(seconds:271900.015 timescale:600 value:163140009 flags:valid) id=channel-1-display
2026-05-20T15:58:45.054-0500 debug    [StreamCoordinator: channel-1-display] SCFrameStatus summary for last 5 seconds id=channel-1-display summary=[("complete", 322), ("idle", 137)] total=459
2026-05-20T15:58:46.999-0500 debug    [SegmentedAssetWriterDelegate] Did output segment data: 4816895, segmentType:separable, segmentReport:AVAssetSegmentTrackReport(earliestPresentationTimeStamp:CMTime(seconds:271902.015 timescale:600 value:163141209 flags:valid) duration:CMTime(seconds:1.9883333333333333 timescale:600 value:1193 flags:valid) firstVideoSampleInformation:(presentationTimeStamp:CMTime(seconds:271902.015 timescale:600 value:163141209 flags:valid, hasBeenRounded) offset:1760 length:862507 isSyncSample:true)) id=channel-1-display
2026-05-20T15:58:46.999-0500 debug    [SegmentedAssetWriterDelegate] Writing segment data: file:///Users/brian/Library/Application%20Support/Screen%20Studio/Screen%20Studio%20Recordings/Built-in%20Retina%20Display%202026-05-20%2015:56:09/channel-1-display-0-0079.m4s id=channel-1-display
2026-05-20T15:58:47.002-0500 info     [SegmentedAssetWriterDelegate] Appending channel-1-display-0-0079.m4s: CMTime(seconds:271902.015 timescale:600 value:163141209 flags:valid) id=channel-1-display
2026-05-20T15:58:49.004-0500 debug    [SegmentedAssetWriterDelegate] Did output segment data: 4478340, segmentType:separable, segmentReport:AVAssetSegmentTrackReport(earliestPresentationTimeStamp:CMTime(seconds:271904.00333333336 timescale:600 value:163142402 flags:valid) duration:CMTime(seconds:2.0083333333333333 timescale:600 value:1205 flags:valid) firstVideoSampleInformation:(presentationTimeStamp:CMTime(seconds:271904.00333333336 timescale:600 value:163142402 flags:valid, hasBeenRounded) offset:1712 length:859789 isSyncSample:true)) id=channel-1-display
2026-05-20T15:58:49.004-0500 debug    [SegmentedAssetWriterDelegate] Writing segment data: file:///Users/brian/Library/Application%20Support/Screen%20Studio/Screen%20Studio%20Recordings/Built-in%20Retina%20Display%202026-05-20%2015:56:09/channel-1-display-0-0080.m4s id=channel-1-display
2026-05-20T15:58:49.007-0500 info     [SegmentedAssetWriterDelegate] Appending channel-1-display-0-0080.m4s: CMTime(seconds:271904.00333333336 timescale:600 value:163142402 flags:valid) id=channel-1-display
2026-05-20T15:58:50.054-0500 debug    [StreamCoordinator: channel-1-display] SCFrameStatus summary for last 5 seconds id=channel-1-display summary=[("complete", 327), ("idle", 133)] total=460
2026-05-20T15:58:51.006-0500 debug    [SegmentedAssetWriterDelegate] Did output segment data: 4909271, segmentType:separable, segmentReport:AVAssetSegmentTrackReport(earliestPresentationTimeStamp:CMTime(seconds:271906.01166666666 timescale:600 value:163143607 flags:valid) duration:CMTime(seconds:2.0 timescale:600 value:1200 flags:valid) firstVideoSampleInformation:(presentationTimeStamp:CMTime(seconds:271906.01166666666 timescale:600 value:163143607 flags:valid, hasBeenRounded) offset:1960 length:859970 isSyncSample:true)) id=channel-1-display
2026-05-20T15:58:51.006-0500 debug    [SegmentedAssetWriterDelegate] Writing segment data: file:///Users/brian/Library/Application%20Support/Screen%20Studio/Screen%20Studio%20Recordings/Built-in%20Retina%20Display%202026-05-20%2015:56:09/channel-1-display-0-0081.m4s id=channel-1-display
2026-05-20T15:58:51.008-0500 info     [SegmentedAssetWriterDelegate] Appending channel-1-display-0-0081.m4s: CMTime(seconds:271906.01166666666 timescale:600 value:163143607 flags:valid) id=channel-1-display
2026-05-20T15:58:53.017-0500 debug    [SegmentedAssetWriterDelegate] Did output segment data: 4800174, segmentType:separable, segmentReport:AVAssetSegmentTrackReport(earliestPresentationTimeStamp:CMTime(seconds:271908.01166666666 timescale:600 value:163144807 flags:valid) duration:CMTime(seconds:2.0083333333333333 timescale:600 value:1205 flags:valid) firstVideoSampleInformation:(presentationTimeStamp:CMTime(seconds:271908.01166666666 timescale:600 value:163144807 flags:valid, hasBeenRounded) offset:1712 length:860229 isSyncSample:true)) id=channel-1-display
2026-05-20T15:58:53.017-0500 debug    [SegmentedAssetWriterDelegate] Writing segment data: file:///Users/brian/Library/Application%20Support/Screen%20Studio/Screen%20Studio%20Recordings/Built-in%20Retina%20Display%202026-05-20%2015:56:09/channel-1-display-0-0082.m4s id=channel-1-display
2026-05-20T15:58:53.022-0500 info     [SegmentedAssetWriterDelegate] Appending channel-1-display-0-0082.m4s: CMTime(seconds:271908.01166666666 timescale:600 value:163144807 flags:valid) id=channel-1-display
2026-05-20T15:58:55.010-0500 debug    [SegmentedAssetWriterDelegate] Did output segment data: 4489093, segmentType:separable, segmentReport:AVAssetSegmentTrackReport(earliestPresentationTimeStamp:CMTime(seconds:271910.02 timescale:600 value:163146012 flags:valid) duration:CMTime(seconds:1.9916666666666667 timescale:600 value:1195 flags:valid) firstVideoSampleInformation:(presentationTimeStamp:CMTime(seconds:271910.02 timescale:600 value:163146012 flags:valid, hasBeenRounded) offset:1868 length:861929 isSyncSample:true)) id=channel-1-display
2026-05-20T15:58:55.010-0500 debug    [SegmentedAssetWriterDelegate] Writing segment data: file:///Users/brian/Library/Application%20Support/Screen%20Studio/Screen%20Studio%20Recordings/Built-in%20Retina%20Display%202026-05-20%2015:56:09/channel-1-display-0-0083.m4s id=channel-1-display
2026-05-20T15:58:55.014-0500 info     [SegmentedAssetWriterDelegate] Appending channel-1-display-0-0083.m4s: CMTime(seconds:271910.02 timescale:600 value:163146012 flags:valid) id=channel-1-display
2026-05-20T15:58:55.054-0500 debug    [StreamCoordinator: channel-1-display] SCFrameStatus summary for last 5 seconds id=channel-1-display summary=[("complete", 345), ("idle", 123)] total=468
2026-05-20T15:58:56.998-0500 debug    [SegmentedAssetWriterDelegate] Did output segment data: 4830456, segmentType:separable, segmentReport:AVAssetSegmentTrackReport(earliestPresentationTimeStamp:CMTime(seconds:271912.01166666666 timescale:600 value:163147207 flags:valid) duration:CMTime(seconds:1.9916666666666667 timescale:600 value:1195 flags:valid) firstVideoSampleInformation:(presentationTimeStamp:CMTime(seconds:271912.01166666666 timescale:600 value:163147207 flags:valid, hasBeenRounded) offset:1868 length:862199 isSyncSample:true)) id=channel-1-display
2026-05-20T15:58:56.998-0500 debug    [SegmentedAssetWriterDelegate] Writing segment data: file:///Users/brian/Library/Application%20Support/Screen%20Studio/Screen%20Studio%20Recordings/Built-in%20Retina%20Display%202026-05-20%2015:56:09/channel-1-display-0-0084.m4s id=channel-1-display
2026-05-20T15:58:57.003-0500 info     [SegmentedAssetWriterDelegate] Appending channel-1-display-0-0084.m4s: CMTime(seconds:271912.01166666666 timescale:600 value:163147207 flags:valid) id=channel-1-display
2026-05-20T15:58:59.007-0500 debug    [SegmentedAssetWriterDelegate] Did output segment data: 4837644, segmentType:separable, segmentReport:AVAssetSegmentTrackReport(earliestPresentationTimeStamp:CMTime(seconds:271914.00333333336 timescale:600 value:163148402 flags:valid) duration:CMTime(seconds:2.0083333333333333 timescale:600 value:1205 flags:valid) firstVideoSampleInformation:(presentationTimeStamp:CMTime(seconds:271914.00333333336 timescale:600 value:163148402 flags:valid, hasBeenRounded) offset:2008 length:860669 isSyncSample:true)) id=channel-1-display
2026-05-20T15:58:59.007-0500 debug    [SegmentedAssetWriterDelegate] Writing segment data: file:///Users/brian/Library/Application%20Support/Screen%20Studio/Screen%20Studio%20Recordings/Built-in%20Retina%20Display%202026-05-20%2015:56:09/channel-1-display-0-0085.m4s id=channel-1-display
2026-05-20T15:58:59.009-0500 info     [SegmentedAssetWriterDelegate] Appending channel-1-display-0-0085.m4s: CMTime(seconds:271914.00333333336 timescale:600 value:163148402 flags:valid) id=channel-1-display
2026-05-20T15:59:00.054-0500 debug    [StreamCoordinator: channel-1-display] SCFrameStatus summary for last 5 seconds id=channel-1-display summary=[("complete", 355), ("idle", 119)] total=474
2026-05-20T15:59:01.044-0500 debug    [SegmentedAssetWriterDelegate] Did output segment data: 4806824, segmentType:separable, segmentReport:AVAssetSegmentTrackReport(earliestPresentationTimeStamp:CMTime(seconds:271916.01166666666 timescale:600 value:163149607 flags:valid) duration:CMTime(seconds:2.0 timescale:600 value:1200 flags:valid) firstVideoSampleInformation:(presentationTimeStamp:CMTime(seconds:271916.01166666666 timescale:600 value:163149607 flags:valid, hasBeenRounded) offset:1864 length:861138 isSyncSample:true)) id=channel-1-display
2026-05-20T15:59:01.044-0500 debug    [SegmentedAssetWriterDelegate] Writing segment data: file:///Users/brian/Library/Application%20Support/Screen%20Studio/Screen%20Studio%20Recordings/Built-in%20Retina%20Display%202026-05-20%2015:56:09/channel-1-display-0-0086.m4s id=channel-1-display
2026-05-20T15:59:01.050-0500 info     [SegmentedAssetWriterDelegate] Appending channel-1-display-0-0086.m4s: CMTime(seconds:271916.01166666666 timescale:600 value:163149607 flags:valid) id=channel-1-display
2026-05-20T15:59:03.005-0500 debug    [SegmentedAssetWriterDelegate] Did output segment data: 5498554, segmentType:separable, segmentReport:AVAssetSegmentTrackReport(earliestPresentationTimeStamp:CMTime(seconds:271918.01166666666 timescale:600 value:163150807 flags:valid) duration:CMTime(seconds:2.0 timescale:600 value:1200 flags:valid) firstVideoSampleInformation:(presentationTimeStamp:CMTime(seconds:271918.01166666666 timescale:600 value:163150807 flags:valid, hasBeenRounded) offset:2224 length:860889 isSyncSample:true)) id=channel-1-display
2026-05-20T15:59:03.005-0500 debug    [SegmentedAssetWriterDelegate] Writing segment data: file:///Users/brian/Library/Application%20Support/Screen%20Studio/Screen%20Studio%20Recordings/Built-in%20Retina%20Display%202026-05-20%2015:56:09/channel-1-display-0-0087.m4s id=channel-1-display
2026-05-20T15:59:03.009-0500 info     [SegmentedAssetWriterDelegate] Appending channel-1-display-0-0087.m4s: CMTime(seconds:271918.01166666666 timescale:600 value:163150807 flags:valid) id=channel-1-display
2026-05-20T15:59:05.007-0500 debug    [SegmentedAssetWriterDelegate] Did output segment data: 4754251, segmentType:separable, segmentReport:AVAssetSegmentTrackReport(earliestPresentationTimeStamp:CMTime(seconds:271920.01166666666 timescale:600 value:163152007 flags:valid) duration:CMTime(seconds:1.9983333333333333 timescale:600 value:1199 flags:valid) firstVideoSampleInformation:(presentationTimeStamp:CMTime(seconds:271920.01166666666 timescale:600 value:163152007 flags:valid, hasBeenRounded) offset:1856 length:860962 isSyncSample:true)) id=channel-1-display
2026-05-20T15:59:05.007-0500 debug    [SegmentedAssetWriterDelegate] Writing segment data: file:///Users/brian/Library/Application%20Support/Screen%20Studio/Screen%20Studio%20Recordings/Built-in%20Retina%20Display%202026-05-20%2015:56:09/channel-1-display-0-0088.m4s id=channel-1-display
2026-05-20T15:59:05.010-0500 info     [SegmentedAssetWriterDelegate] Appending channel-1-display-0-0088.m4s: CMTime(seconds:271920.01166666666 timescale:600 value:163152007 flags:valid) id=channel-1-display
2026-05-20T15:59:05.054-0500 debug    [StreamCoordinator: channel-1-display] SCFrameStatus summary for last 5 seconds id=channel-1-display summary=[("complete", 379), ("idle", 103)] total=482
2026-05-20T15:59:07.007-0500 debug    [SegmentedAssetWriterDelegate] Did output segment data: 5361503, segmentType:separable, segmentReport:AVAssetSegmentTrackReport(earliestPresentationTimeStamp:CMTime(seconds:271922.01 timescale:600 value:163153206 flags:valid) duration:CMTime(seconds:1.9916666666666667 timescale:600 value:1195 flags:valid) firstVideoSampleInformation:(presentationTimeStamp:CMTime(seconds:271922.01 timescale:600 value:163153206 flags:valid, hasBeenRounded) offset:2056 length:861165 isSyncSample:true)) id=channel-1-display
2026-05-20T15:59:07.007-0500 debug    [SegmentedAssetWriterDelegate] Writing segment data: file:///Users/brian/Library/Application%20Support/Screen%20Studio/Screen%20Studio%20Recordings/Built-in%20Retina%20Display%202026-05-20%2015:56:09/channel-1-display-0-0089.m4s id=channel-1-display
2026-05-20T15:59:07.012-0500 info     [SegmentedAssetWriterDelegate] Appending channel-1-display-0-0089.m4s: CMTime(seconds:271922.01 timescale:600 value:163153206 flags:valid) id=channel-1-display
2026-05-20T15:59:09.002-0500 debug    [SegmentedAssetWriterDelegate] Did output segment data: 5076065, segmentType:separable, segmentReport:AVAssetSegmentTrackReport(earliestPresentationTimeStamp:CMTime(seconds:271924.00166666665 timescale:600 value:163154401 flags:valid) duration:CMTime(seconds:2.0083333333333333 timescale:600 value:1205 flags:valid) firstVideoSampleInformation:(presentationTimeStamp:CMTime(seconds:271924.00166666665 timescale:600 value:163154401 flags:valid, hasBeenRounded) offset:1972 length:845204 isSyncSample:true)) id=channel-1-display
2026-05-20T15:59:09.002-0500 debug    [SegmentedAssetWriterDelegate] Writing segment data: file:///Users/brian/Library/Application%20Support/Screen%20Studio/Screen%20Studio%20Recordings/Built-in%20Retina%20Display%202026-05-20%2015:56:09/channel-1-display-0-0090.m4s id=channel-1-display
2026-05-20T15:59:09.008-0500 info     [SegmentedAssetWriterDelegate] Appending channel-1-display-0-0090.m4s: CMTime(seconds:271924.00166666665 timescale:600 value:163154401 flags:valid) id=channel-1-display
2026-05-20T15:59:10.054-0500 debug    [StreamCoordinator: channel-1-display] SCFrameStatus summary for last 5 seconds id=channel-1-display summary=[("complete", 373), ("idle", 108)] total=481
2026-05-20T15:59:11.006-0500 debug    [SegmentedAssetWriterDelegate] Did output segment data: 5714389, segmentType:separable, segmentReport:AVAssetSegmentTrackReport(earliestPresentationTimeStamp:CMTime(seconds:271926.01 timescale:600 value:163155606 flags:valid) duration:CMTime(seconds:1.9966666666666666 timescale:600 value:1198 flags:valid) firstVideoSampleInformation:(presentationTimeStamp:CMTime(seconds:271926.01 timescale:600 value:163155606 flags:valid, hasBeenRounded) offset:2032 length:866395 isSyncSample:true)) id=channel-1-display
2026-05-20T15:59:11.006-0500 debug    [SegmentedAssetWriterDelegate] Writing segment data: file:///Users/brian/Library/Application%20Support/Screen%20Studio/Screen%20Studio%20Recordings/Built-in%20Retina%20Display%202026-05-20%2015:56:09/channel-1-display-0-0091.m4s id=channel-1-display
2026-05-20T15:59:11.009-0500 info     [SegmentedAssetWriterDelegate] Appending channel-1-display-0-0091.m4s: CMTime(seconds:271926.01 timescale:600 value:163155606 flags:valid) id=channel-1-display
2026-05-20T15:59:13.009-0500 debug    [SegmentedAssetWriterDelegate] Did output segment data: 4486810, segmentType:separable, segmentReport:AVAssetSegmentTrackReport(earliestPresentationTimeStamp:CMTime(seconds:271928.00666666665 timescale:600 value:163156804 flags:valid) duration:CMTime(seconds:2.0 timescale:600 value:1200 flags:valid) firstVideoSampleInformation:(presentationTimeStamp:CMTime(seconds:271928.00666666665 timescale:600 value:163156804 flags:valid, hasBeenRounded) offset:1700 length:867568 isSyncSample:true)) id=channel-1-display
2026-05-20T15:59:13.010-0500 debug    [SegmentedAssetWriterDelegate] Writing segment data: file:///Users/brian/Library/Application%20Support/Screen%20Studio/Screen%20Studio%20Recordings/Built-in%20Retina%20Display%202026-05-20%2015:56:09/channel-1-display-0-0092.m4s id=channel-1-display
2026-05-20T15:59:13.014-0500 info     [SegmentedAssetWriterDelegate] Appending channel-1-display-0-0092.m4s: CMTime(seconds:271928.00666666665 timescale:600 value:163156804 flags:valid) id=channel-1-display
2026-05-20T15:59:15.006-0500 debug    [SegmentedAssetWriterDelegate] Did output segment data: 6022287, segmentType:separable, segmentReport:AVAssetSegmentTrackReport(earliestPresentationTimeStamp:CMTime(seconds:271930.00666666665 timescale:600 value:163158004 flags:valid) duration:CMTime(seconds:2.0083333333333333 timescale:600 value:1205 flags:valid) firstVideoSampleInformation:(presentationTimeStamp:CMTime(seconds:271930.00666666665 timescale:600 value:163158004 flags:valid, hasBeenRounded) offset:2072 length:867748 isSyncSample:true)) id=channel-1-display
2026-05-20T15:59:15.006-0500 debug    [SegmentedAssetWriterDelegate] Writing segment data: file:///Users/brian/Library/Application%20Support/Screen%20Studio/Screen%20Studio%20Recordings/Built-in%20Retina%20Display%202026-05-20%2015:56:09/channel-1-display-0-0093.m4s id=channel-1-display
2026-05-20T15:59:15.010-0500 info     [SegmentedAssetWriterDelegate] Appending channel-1-display-0-0093.m4s: CMTime(seconds:271930.00666666665 timescale:600 value:163158004 flags:valid) id=channel-1-display
2026-05-20T15:59:15.055-0500 debug    [StreamCoordinator: channel-1-display] SCFrameStatus summary for last 5 seconds id=channel-1-display summary=[("complete", 363), ("idle", 112)] total=475
2026-05-20T15:59:17.010-0500 debug    [SegmentedAssetWriterDelegate] Did output segment data: 4664079, segmentType:separable, segmentReport:AVAssetSegmentTrackReport(earliestPresentationTimeStamp:CMTime(seconds:271932.015 timescale:600 value:163159209 flags:valid) duration:CMTime(seconds:2.0 timescale:600 value:1200 flags:valid) firstVideoSampleInformation:(presentationTimeStamp:CMTime(seconds:271932.015 timescale:600 value:163159209 flags:valid, hasBeenRounded) offset:1916 length:965544 isSyncSample:true)) id=channel-1-display
2026-05-20T15:59:17.010-0500 debug    [SegmentedAssetWriterDelegate] Writing segment data: file:///Users/brian/Library/Application%20Support/Screen%20Studio/Screen%20Studio%20Recordings/Built-in%20Retina%20Display%202026-05-20%2015:56:09/channel-1-display-0-0094.m4s id=channel-1-display
2026-05-20T15:59:17.013-0500 info     [SegmentedAssetWriterDelegate] Appending channel-1-display-0-0094.m4s: CMTime(seconds:271932.015 timescale:600 value:163159209 flags:valid) id=channel-1-display
2026-05-20T15:59:19.001-0500 debug    [SegmentedAssetWriterDelegate] Did output segment data: 5838166, segmentType:separable, segmentReport:AVAssetSegmentTrackReport(earliestPresentationTimeStamp:CMTime(seconds:271934.015 timescale:600 value:163160409 flags:valid) duration:CMTime(seconds:1.9916666666666667 timescale:600 value:1195 flags:valid) firstVideoSampleInformation:(presentationTimeStamp:CMTime(seconds:271934.015 timescale:600 value:163160409 flags:valid, hasBeenRounded) offset:2148 length:871179 isSyncSample:true)) id=channel-1-display
2026-05-20T15:59:19.001-0500 debug    [SegmentedAssetWriterDelegate] Writing segment data: file:///Users/brian/Library/Application%20Support/Screen%20Studio/Screen%20Studio%20Recordings/Built-in%20Retina%20Display%202026-05-20%2015:56:09/channel-1-display-0-0095.m4s id=channel-1-display
2026-05-20T15:59:19.004-0500 info     [SegmentedAssetWriterDelegate] Appending channel-1-display-0-0095.m4s: CMTime(seconds:271934.015 timescale:600 value:163160409 flags:valid) id=channel-1-display
2026-05-20T15:59:20.054-0500 debug    [StreamCoordinator: channel-1-display] SCFrameStatus summary for last 5 seconds id=channel-1-display summary=[("complete", 374), ("idle", 108)] total=482
2026-05-20T15:59:21.007-0500 debug    [SegmentedAssetWriterDelegate] Did output segment data: 5975654, segmentType:separable, segmentReport:AVAssetSegmentTrackReport(earliestPresentationTimeStamp:CMTime(seconds:271936.00666666665 timescale:600 value:163161604 flags:valid) duration:CMTime(seconds:2.0 timescale:600 value:1200 flags:valid) firstVideoSampleInformation:(presentationTimeStamp:CMTime(seconds:271936.00666666665 timescale:600 value:163161604 flags:valid, hasBeenRounded) offset:2124 length:871692 isSyncSample:true)) id=channel-1-display
2026-05-20T15:59:21.007-0500 debug    [SegmentedAssetWriterDelegate] Writing segment data: file:///Users/brian/Library/Application%20Support/Screen%20Studio/Screen%20Studio%20Recordings/Built-in%20Retina%20Display%202026-05-20%2015:56:09/channel-1-display-0-0096.m4s id=channel-1-display
2026-05-20T15:59:21.010-0500 info     [SegmentedAssetWriterDelegate] Appending channel-1-display-0-0096.m4s: CMTime(seconds:271936.00666666665 timescale:600 value:163161604 flags:valid) id=channel-1-display
2026-05-20T15:59:22.997-0500 debug    [SegmentedAssetWriterDelegate] Did output segment data: 4530832, segmentType:separable, segmentReport:AVAssetSegmentTrackReport(earliestPresentationTimeStamp:CMTime(seconds:271938.00666666665 timescale:600 value:163162804 flags:valid) duration:CMTime(seconds:2.0 timescale:600 value:1200 flags:valid) firstVideoSampleInformation:(presentationTimeStamp:CMTime(seconds:271938.00666666665 timescale:600 value:163162804 flags:valid, hasBeenRounded) offset:1856 length:872488 isSyncSample:true)) id=channel-1-display
2026-05-20T15:59:22.997-0500 debug    [SegmentedAssetWriterDelegate] Writing segment data: file:///Users/brian/Library/Application%20Support/Screen%20Studio/Screen%20Studio%20Recordings/Built-in%20Retina%20Display%202026-05-20%2015:56:09/channel-1-display-0-0097.m4s id=channel-1-display
2026-05-20T15:59:23.004-0500 info     [SegmentedAssetWriterDelegate] Appending channel-1-display-0-0097.m4s: CMTime(seconds:271938.00666666665 timescale:600 value:163162804 flags:valid) id=channel-1-display
2026-05-20T15:59:25.000-0500 debug    [SegmentedAssetWriterDelegate] Did output segment data: 5863898, segmentType:separable, segmentReport:AVAssetSegmentTrackReport(earliestPresentationTimeStamp:CMTime(seconds:271940.00666666665 timescale:600 value:163164004 flags:valid) duration:CMTime(seconds:2.0 timescale:600 value:1200 flags:valid) firstVideoSampleInformation:(presentationTimeStamp:CMTime(seconds:271940.00666666665 timescale:600 value:163164004 flags:valid, hasBeenRounded) offset:2016 length:872543 isSyncSample:true)) id=channel-1-display
2026-05-20T15:59:25.000-0500 debug    [SegmentedAssetWriterDelegate] Writing segment data: file:///Users/brian/Library/Application%20Support/Screen%20Studio/Screen%20Studio%20Recordings/Built-in%20Retina%20Display%202026-05-20%2015:56:09/channel-1-display-0-0098.m4s id=channel-1-display
2026-05-20T15:59:25.005-0500 info     [SegmentedAssetWriterDelegate] Appending channel-1-display-0-0098.m4s: CMTime(seconds:271940.00666666665 timescale:600 value:163164004 flags:valid) id=channel-1-display
2026-05-20T15:59:25.054-0500 debug    [StreamCoordinator: channel-1-display] SCFrameStatus summary for last 5 seconds id=channel-1-display summary=[("complete", 382), ("idle", 100)] total=482
2026-05-20T15:59:27.005-0500 debug    [SegmentedAssetWriterDelegate] Did output segment data: 4977551, segmentType:separable, segmentReport:AVAssetSegmentTrackReport(earliestPresentationTimeStamp:CMTime(seconds:271942.00666666665 timescale:600 value:163165204 flags:valid) duration:CMTime(seconds:2.0083333333333333 timescale:600 value:1205 flags:valid) firstVideoSampleInformation:(presentationTimeStamp:CMTime(seconds:271942.00666666665 timescale:600 value:163165204 flags:valid, hasBeenRounded) offset:1912 length:871435 isSyncSample:true)) id=channel-1-display
2026-05-20T15:59:27.005-0500 debug    [SegmentedAssetWriterDelegate] Writing segment data: file:///Users/brian/Library/Application%20Support/Screen%20Studio/Screen%20Studio%20Recordings/Built-in%20Retina%20Display%202026-05-20%2015:56:09/channel-1-display-0-0099.m4s id=channel-1-display
2026-05-20T15:59:27.009-0500 info     [SegmentedAssetWriterDelegate] Appending channel-1-display-0-0099.m4s: CMTime(seconds:271942.00666666665 timescale:600 value:163165204 flags:valid) id=channel-1-display
2026-05-20T15:59:29.054-0500 debug    [SegmentedAssetWriterDelegate] Did output segment data: 5722650, segmentType:separable, segmentReport:AVAssetSegmentTrackReport(earliestPresentationTimeStamp:CMTime(seconds:271944.015 timescale:600 value:163166409 flags:valid) duration:CMTime(seconds:2.0083333333333333 timescale:600 value:1205 flags:valid) firstVideoSampleInformation:(presentationTimeStamp:CMTime(seconds:271944.015 timescale:600 value:163166409 flags:valid, hasBeenRounded) offset:2044 length:873915 isSyncSample:true)) id=channel-1-display
2026-05-20T15:59:29.054-0500 debug    [SegmentedAssetWriterDelegate] Writing segment data: file:///Users/brian/Library/Application%20Support/Screen%20Studio/Screen%20Studio%20Recordings/Built-in%20Retina%20Display%202026-05-20%2015:56:09/channel-1-display-0-0100.m4s id=channel-1-display
2026-05-20T15:59:29.057-0500 info     [SegmentedAssetWriterDelegate] Appending channel-1-display-0-0100.m4s: CMTime(seconds:271944.015 timescale:600 value:163166409 flags:valid) id=channel-1-display
2026-05-20T15:59:30.054-0500 debug    [StreamCoordinator: channel-1-display] SCFrameStatus summary for last 5 seconds id=channel-1-display summary=[("complete", 359), ("idle", 114)] total=473
2026-05-20T15:59:31.002-0500 debug    [SegmentedAssetWriterDelegate] Did output segment data: 4594393, segmentType:separable, segmentReport:AVAssetSegmentTrackReport(earliestPresentationTimeStamp:CMTime(seconds:271946.0233333333 timescale:600 value:163167614 flags:valid) duration:CMTime(seconds:1.9833333333333334 timescale:600 value:1190 flags:valid) firstVideoSampleInformation:(presentationTimeStamp:CMTime(seconds:271946.0233333333 timescale:600 value:163167614 flags:valid, hasBeenRounded) offset:1832 length:872610 isSyncSample:true)) id=channel-1-display
2026-05-20T15:59:31.002-0500 debug    [SegmentedAssetWriterDelegate] Writing segment data: file:///Users/brian/Library/Application%20Support/Screen%20Studio/Screen%20Studio%20Recordings/Built-in%20Retina%20Display%202026-05-20%2015:56:09/channel-1-display-0-0101.m4s id=channel-1-display
2026-05-20T15:59:31.009-0500 info     [SegmentedAssetWriterDelegate] Appending channel-1-display-0-0101.m4s: CMTime(seconds:271946.0233333333 timescale:600 value:163167614 flags:valid) id=channel-1-display
2026-05-20T15:59:33.005-0500 debug    [SegmentedAssetWriterDelegate] Did output segment data: 4898118, segmentType:separable, segmentReport:AVAssetSegmentTrackReport(earliestPresentationTimeStamp:CMTime(seconds:271948.00666666665 timescale:600 value:163168804 flags:valid) duration:CMTime(seconds:2.0 timescale:600 value:1200 flags:valid) firstVideoSampleInformation:(presentationTimeStamp:CMTime(seconds:271948.00666666665 timescale:600 value:163168804 flags:valid, hasBeenRounded) offset:1888 length:872713 isSyncSample:true)) id=channel-1-display
2026-05-20T15:59:33.005-0500 debug    [SegmentedAssetWriterDelegate] Writing segment data: file:///Users/brian/Library/Application%20Support/Screen%20Studio/Screen%20Studio%20Recordings/Built-in%20Retina%20Display%202026-05-20%2015:56:09/channel-1-display-0-0102.m4s id=channel-1-display
2026-05-20T15:59:33.011-0500 info     [SegmentedAssetWriterDelegate] Appending channel-1-display-0-0102.m4s: CMTime(seconds:271948.00666666665 timescale:600 value:163168804 flags:valid) id=channel-1-display
2026-05-20T15:59:35.003-0500 debug    [SegmentedAssetWriterDelegate] Did output segment data: 4865817, segmentType:separable, segmentReport:AVAssetSegmentTrackReport(earliestPresentationTimeStamp:CMTime(seconds:271950.00666666665 timescale:600 value:163170004 flags:valid) duration:CMTime(seconds:2.0 timescale:600 value:1200 flags:valid) firstVideoSampleInformation:(presentationTimeStamp:CMTime(seconds:271950.00666666665 timescale:600 value:163170004 flags:valid, hasBeenRounded) offset:1960 length:873397 isSyncSample:true)) id=channel-1-display
2026-05-20T15:59:35.003-0500 debug    [SegmentedAssetWriterDelegate] Writing segment data: file:///Users/brian/Library/Application%20Support/Screen%20Studio/Screen%20Studio%20Recordings/Built-in%20Retina%20Display%202026-05-20%2015:56:09/channel-1-display-0-0103.m4s id=channel-1-display
2026-05-20T15:59:35.005-0500 info     [SegmentedAssetWriterDelegate] Appending channel-1-display-0-0103.m4s: CMTime(seconds:271950.00666666665 timescale:600 value:163170004 flags:valid) id=channel-1-display
2026-05-20T15:59:35.054-0500 debug    [StreamCoordinator: channel-1-display] SCFrameStatus summary for last 5 seconds id=channel-1-display summary=[("complete", 360), ("idle", 115)] total=475
2026-05-20T15:59:37.023-0500 debug    [SegmentedAssetWriterDelegate] Did output segment data: 5521312, segmentType:separable, segmentReport:AVAssetSegmentTrackReport(earliestPresentationTimeStamp:CMTime(seconds:271952.00666666665 timescale:600 value:163171204 flags:valid) duration:CMTime(seconds:2.0083333333333333 timescale:600 value:1205 flags:valid) firstVideoSampleInformation:(presentationTimeStamp:CMTime(seconds:271952.00666666665 timescale:600 value:163171204 flags:valid, hasBeenRounded) offset:2260 length:872706 isSyncSample:true)) id=channel-1-display
2026-05-20T15:59:37.023-0500 debug    [SegmentedAssetWriterDelegate] Writing segment data: file:///Users/brian/Library/Application%20Support/Screen%20Studio/Screen%20Studio%20Recordings/Built-in%20Retina%20Display%202026-05-20%2015:56:09/channel-1-display-0-0104.m4s id=channel-1-display
2026-05-20T15:59:37.027-0500 info     [SegmentedAssetWriterDelegate] Appending channel-1-display-0-0104.m4s: CMTime(seconds:271952.00666666665 timescale:600 value:163171204 flags:valid) id=channel-1-display
2026-05-20T15:59:39.003-0500 debug    [SegmentedAssetWriterDelegate] Did output segment data: 5811840, segmentType:separable, segmentReport:AVAssetSegmentTrackReport(earliestPresentationTimeStamp:CMTime(seconds:271954.015 timescale:600 value:163172409 flags:valid) duration:CMTime(seconds:2.0 timescale:600 value:1200 flags:valid) firstVideoSampleInformation:(presentationTimeStamp:CMTime(seconds:271954.015 timescale:600 value:163172409 flags:valid, hasBeenRounded) offset:2028 length:872882 isSyncSample:true)) id=channel-1-display
2026-05-20T15:59:39.003-0500 debug    [SegmentedAssetWriterDelegate] Writing segment data: file:///Users/brian/Library/Application%20Support/Screen%20Studio/Screen%20Studio%20Recordings/Built-in%20Retina%20Display%202026-05-20%2015:56:09/channel-1-display-0-0105.m4s id=channel-1-display
2026-05-20T15:59:39.007-0500 info     [SegmentedAssetWriterDelegate] Appending channel-1-display-0-0105.m4s: CMTime(seconds:271954.015 timescale:600 value:163172409 flags:valid) id=channel-1-display
2026-05-20T15:59:40.054-0500 debug    [StreamCoordinator: channel-1-display] SCFrameStatus summary for last 5 seconds id=channel-1-display summary=[("complete", 387), ("idle", 100)] total=487
2026-05-20T15:59:41.008-0500 debug    [SegmentedAssetWriterDelegate] Did output segment data: 4891100, segmentType:separable, segmentReport:AVAssetSegmentTrackReport(earliestPresentationTimeStamp:CMTime(seconds:271956.015 timescale:600 value:163173609 flags:valid) duration:CMTime(seconds:2.0 timescale:600 value:1200 flags:valid) firstVideoSampleInformation:(presentationTimeStamp:CMTime(seconds:271956.015 timescale:600 value:163173609 flags:valid, hasBeenRounded) offset:1916 length:873931 isSyncSample:true)) id=channel-1-display
2026-05-20T15:59:41.008-0500 debug    [SegmentedAssetWriterDelegate] Writing segment data: file:///Users/brian/Library/Application%20Support/Screen%20Studio/Screen%20Studio%20Recordings/Built-in%20Retina%20Display%202026-05-20%2015:56:09/channel-1-display-0-0106.m4s id=channel-1-display
2026-05-20T15:59:41.011-0500 info     [SegmentedAssetWriterDelegate] Appending channel-1-display-0-0106.m4s: CMTime(seconds:271956.015 timescale:600 value:163173609 flags:valid) id=channel-1-display
2026-05-20T15:59:43.012-0500 debug    [SegmentedAssetWriterDelegate] Did output segment data: 4594759, segmentType:separable, segmentReport:AVAssetSegmentTrackReport(earliestPresentationTimeStamp:CMTime(seconds:271958.015 timescale:600 value:163174809 flags:valid) duration:CMTime(seconds:1.9916666666666667 timescale:600 value:1195 flags:valid) firstVideoSampleInformation:(presentationTimeStamp:CMTime(seconds:271958.015 timescale:600 value:163174809 flags:valid, hasBeenRounded) offset:1964 length:871644 isSyncSample:true)) id=channel-1-display
2026-05-20T15:59:43.012-0500 debug    [SegmentedAssetWriterDelegate] Writing segment data: file:///Users/brian/Library/Application%20Support/Screen%20Studio/Screen%20Studio%20Recordings/Built-in%20Retina%20Display%202026-05-20%2015:56:09/channel-1-display-0-0107.m4s id=channel-1-display
2026-05-20T15:59:43.018-0500 info     [SegmentedAssetWriterDelegate] Appending channel-1-display-0-0107.m4s: CMTime(seconds:271958.015 timescale:600 value:163174809 flags:valid) id=channel-1-display
2026-05-20T15:59:45.017-0500 debug    [SegmentedAssetWriterDelegate] Did output segment data: 5838016, segmentType:separable, segmentReport:AVAssetSegmentTrackReport(earliestPresentationTimeStamp:CMTime(seconds:271960.00666666665 timescale:600 value:163176004 flags:valid) duration:CMTime(seconds:2.0 timescale:600 value:1200 flags:valid) firstVideoSampleInformation:(presentationTimeStamp:CMTime(seconds:271960.00666666665 timescale:600 value:163176004 flags:valid, hasBeenRounded) offset:2256 length:858339 isSyncSample:true)) id=channel-1-display
2026-05-20T15:59:45.017-0500 debug    [SegmentedAssetWriterDelegate] Writing segment data: file:///Users/brian/Library/Application%20Support/Screen%20Studio/Screen%20Studio%20Recordings/Built-in%20Retina%20Display%202026-05-20%2015:56:09/channel-1-display-0-0108.m4s id=channel-1-display
2026-05-20T15:59:45.020-0500 info     [SegmentedAssetWriterDelegate] Appending channel-1-display-0-0108.m4s: CMTime(seconds:271960.00666666665 timescale:600 value:163176004 flags:valid) id=channel-1-display
2026-05-20T15:59:45.054-0500 debug    [StreamCoordinator: channel-1-display] SCFrameStatus summary for last 5 seconds id=channel-1-display summary=[("complete", 397), ("idle", 91)] total=488
2026-05-20T15:59:47.008-0500 debug    [SegmentedAssetWriterDelegate] Did output segment data: 5804910, segmentType:separable, segmentReport:AVAssetSegmentTrackReport(earliestPresentationTimeStamp:CMTime(seconds:271962.00666666665 timescale:600 value:163177204 flags:valid) duration:CMTime(seconds:2.0083333333333333 timescale:600 value:1205 flags:valid) firstVideoSampleInformation:(presentationTimeStamp:CMTime(seconds:271962.00666666665 timescale:600 value:163177204 flags:valid, hasBeenRounded) offset:2124 length:872378 isSyncSample:true)) id=channel-1-display
2026-05-20T15:59:47.008-0500 debug    [SegmentedAssetWriterDelegate] Writing segment data: file:///Users/brian/Library/Application%20Support/Screen%20Studio/Screen%20Studio%20Recordings/Built-in%20Retina%20Display%202026-05-20%2015:56:09/channel-1-display-0-0109.m4s id=channel-1-display
2026-05-20T15:59:47.014-0500 info     [SegmentedAssetWriterDelegate] Appending channel-1-display-0-0109.m4s: CMTime(seconds:271962.00666666665 timescale:600 value:163177204 flags:valid) id=channel-1-display
2026-05-20T15:59:49.012-0500 debug    [SegmentedAssetWriterDelegate] Did output segment data: 4985045, segmentType:separable, segmentReport:AVAssetSegmentTrackReport(earliestPresentationTimeStamp:CMTime(seconds:271964.015 timescale:600 value:163178409 flags:valid) duration:CMTime(seconds:1.9916666666666667 timescale:600 value:1195 flags:valid) firstVideoSampleInformation:(presentationTimeStamp:CMTime(seconds:271964.015 timescale:600 value:163178409 flags:valid, hasBeenRounded) offset:1984 length:873947 isSyncSample:true)) id=channel-1-display
2026-05-20T15:59:49.012-0500 debug    [SegmentedAssetWriterDelegate] Writing segment data: file:///Users/brian/Library/Application%20Support/Screen%20Studio/Screen%20Studio%20Recordings/Built-in%20Retina%20Display%202026-05-20%2015:56:09/channel-1-display-0-0110.m4s id=channel-1-display
2026-05-20T15:59:49.015-0500 info     [SegmentedAssetWriterDelegate] Appending channel-1-display-0-0110.m4s: CMTime(seconds:271964.015 timescale:600 value:163178409 flags:valid) id=channel-1-display
2026-05-20T15:59:50.054-0500 debug    [StreamCoordinator: channel-1-display] SCFrameStatus summary for last 5 seconds id=channel-1-display summary=[("complete", 380), ("idle", 105)] total=485
2026-05-20T15:59:51.004-0500 debug    [SegmentedAssetWriterDelegate] Did output segment data: 4583450, segmentType:separable, segmentReport:AVAssetSegmentTrackReport(earliestPresentationTimeStamp:CMTime(seconds:271966.00666666665 timescale:600 value:163179604 flags:valid) duration:CMTime(seconds:2.0 timescale:600 value:1200 flags:valid) firstVideoSampleInformation:(presentationTimeStamp:CMTime(seconds:271966.00666666665 timescale:600 value:163179604 flags:valid, hasBeenRounded) offset:1988 length:873435 isSyncSample:true)) id=channel-1-display
2026-05-20T15:59:51.004-0500 debug    [SegmentedAssetWriterDelegate] Writing segment data: file:///Users/brian/Library/Application%20Support/Screen%20Studio/Screen%20Studio%20Recordings/Built-in%20Retina%20Display%202026-05-20%2015:56:09/channel-1-display-0-0111.m4s id=channel-1-display
2026-05-20T15:59:51.011-0500 info     [SegmentedAssetWriterDelegate] Appending channel-1-display-0-0111.m4s: CMTime(seconds:271966.00666666665 timescale:600 value:163179604 flags:valid) id=channel-1-display
2026-05-20T15:59:53.001-0500 debug    [SegmentedAssetWriterDelegate] Did output segment data: 5990587, segmentType:separable, segmentReport:AVAssetSegmentTrackReport(earliestPresentationTimeStamp:CMTime(seconds:271968.00666666665 timescale:600 value:163180804 flags:valid) duration:CMTime(seconds:2.0 timescale:600 value:1200 flags:valid) firstVideoSampleInformation:(presentationTimeStamp:CMTime(seconds:271968.00666666665 timescale:600 value:163180804 flags:valid, hasBeenRounded) offset:2076 length:873591 isSyncSample:true)) id=channel-1-display
2026-05-20T15:59:53.001-0500 debug    [SegmentedAssetWriterDelegate] Writing segment data: file:///Users/brian/Library/Application%20Support/Screen%20Studio/Screen%20Studio%20Recordings/Built-in%20Retina%20Display%202026-05-20%2015:56:09/channel-1-display-0-0112.m4s id=channel-1-display
2026-05-20T15:59:53.004-0500 info     [SegmentedAssetWriterDelegate] Appending channel-1-display-0-0112.m4s: CMTime(seconds:271968.00666666665 timescale:600 value:163180804 flags:valid) id=channel-1-display
2026-05-20T15:59:54.999-0500 debug    [SegmentedAssetWriterDelegate] Did output segment data: 4937301, segmentType:separable, segmentReport:AVAssetSegmentTrackReport(earliestPresentationTimeStamp:CMTime(seconds:271970.00666666665 timescale:600 value:163182004 flags:valid) duration:CMTime(seconds:2.0 timescale:600 value:1200 flags:valid) firstVideoSampleInformation:(presentationTimeStamp:CMTime(seconds:271970.00666666665 timescale:600 value:163182004 flags:valid, hasBeenRounded) offset:1960 length:872542 isSyncSample:true)) id=channel-1-display
2026-05-20T15:59:54.999-0500 debug    [SegmentedAssetWriterDelegate] Writing segment data: file:///Users/brian/Library/Application%20Support/Screen%20Studio/Screen%20Studio%20Recordings/Built-in%20Retina%20Display%202026-05-20%2015:56:09/channel-1-display-0-0113.m4s id=channel-1-display
2026-05-20T15:59:55.001-0500 info     [SegmentedAssetWriterDelegate] Appending channel-1-display-0-0113.m4s: CMTime(seconds:271970.00666666665 timescale:600 value:163182004 flags:valid) id=channel-1-display
2026-05-20T15:59:55.054-0500 debug    [StreamCoordinator: channel-1-display] SCFrameStatus summary for last 5 seconds id=channel-1-display summary=[("complete", 376), ("idle", 108)] total=484
2026-05-20T15:59:57.040-0500 debug    [SegmentedAssetWriterDelegate] Did output segment data: 5529975, segmentType:separable, segmentReport:AVAssetSegmentTrackReport(earliestPresentationTimeStamp:CMTime(seconds:271972.00666666665 timescale:600 value:163183204 flags:valid) duration:CMTime(seconds:2.0 timescale:600 value:1200 flags:valid) firstVideoSampleInformation:(presentationTimeStamp:CMTime(seconds:271972.00666666665 timescale:600 value:163183204 flags:valid, hasBeenRounded) offset:2272 length:873525 isSyncSample:true)) id=channel-1-display
2026-05-20T15:59:57.040-0500 debug    [SegmentedAssetWriterDelegate] Writing segment data: file:///Users/brian/Library/Application%20Support/Screen%20Studio/Screen%20Studio%20Recordings/Built-in%20Retina%20Display%202026-05-20%2015:56:09/channel-1-display-0-0114.m4s id=channel-1-display
2026-05-20T15:59:57.045-0500 info     [SegmentedAssetWriterDelegate] Appending channel-1-display-0-0114.m4s: CMTime(seconds:271972.00666666665 timescale:600 value:163183204 flags:valid) id=channel-1-display
2026-05-20T15:59:59.002-0500 debug    [SegmentedAssetWriterDelegate] Did output segment data: 5811646, segmentType:separable, segmentReport:AVAssetSegmentTrackReport(earliestPresentationTimeStamp:CMTime(seconds:271974.00666666665 timescale:600 value:163184404 flags:valid) duration:CMTime(seconds:2.0 timescale:600 value:1200 flags:valid) firstVideoSampleInformation:(presentationTimeStamp:CMTime(seconds:271974.00666666665 timescale:600 value:163184404 flags:valid, hasBeenRounded) offset:2244 length:873636 isSyncSample:true)) id=channel-1-display
2026-05-20T15:59:59.002-0500 debug    [SegmentedAssetWriterDelegate] Writing segment data: file:///Users/brian/Library/Application%20Support/Screen%20Studio/Screen%20Studio%20Recordings/Built-in%20Retina%20Display%202026-05-20%2015:56:09/channel-1-display-0-0115.m4s id=channel-1-display
2026-05-20T15:59:59.005-0500 info     [SegmentedAssetWriterDelegate] Appending channel-1-display-0-0115.m4s: CMTime(seconds:271974.00666666665 timescale:600 value:163184404 flags:valid) id=channel-1-display
2026-05-20T16:00:00.055-0500 debug    [StreamCoordinator: channel-1-display] SCFrameStatus summary for last 5 seconds id=channel-1-display summary=[("complete", 414), ("idle", 80)] total=494
2026-05-20T16:00:01.025-0500 debug    [SegmentedAssetWriterDelegate] Did output segment data: 4808158, segmentType:separable, segmentReport:AVAssetSegmentTrackReport(earliestPresentationTimeStamp:CMTime(seconds:271976.00666666665 timescale:600 value:163185604 flags:valid) duration:CMTime(seconds:2.0083333333333333 timescale:600 value:1205 flags:valid) firstVideoSampleInformation:(presentationTimeStamp:CMTime(seconds:271976.00666666665 timescale:600 value:163185604 flags:valid, hasBeenRounded) offset:1928 length:872814 isSyncSample:true)) id=channel-1-display
2026-05-20T16:00:01.025-0500 debug    [SegmentedAssetWriterDelegate] Writing segment data: file:///Users/brian/Library/Application%20Support/Screen%20Studio/Screen%20Studio%20Recordings/Built-in%20Retina%20Display%202026-05-20%2015:56:09/channel-1-display-0-0116.m4s id=channel-1-display
2026-05-20T16:00:01.030-0500 info     [SegmentedAssetWriterDelegate] Appending channel-1-display-0-0116.m4s: CMTime(seconds:271976.00666666665 timescale:600 value:163185604 flags:valid) id=channel-1-display
2026-05-20T16:00:03.015-0500 debug    [SegmentedAssetWriterDelegate] Did output segment data: 6747973, segmentType:separable, segmentReport:AVAssetSegmentTrackReport(earliestPresentationTimeStamp:CMTime(seconds:271978.015 timescale:600 value:163186809 flags:valid) duration:CMTime(seconds:1.9916666666666667 timescale:600 value:1195 flags:valid) firstVideoSampleInformation:(presentationTimeStamp:CMTime(seconds:271978.015 timescale:600 value:163186809 flags:valid, hasBeenRounded) offset:2420 length:875905 isSyncSample:true)) id=channel-1-display
2026-05-20T16:00:03.015-0500 debug    [SegmentedAssetWriterDelegate] Writing segment data: file:///Users/brian/Library/Application%20Support/Screen%20Studio/Screen%20Studio%20Recordings/Built-in%20Retina%20Display%202026-05-20%2015:56:09/channel-1-display-0-0117.m4s id=channel-1-display
2026-05-20T16:00:03.019-0500 info     [SegmentedAssetWriterDelegate] Appending channel-1-display-0-0117.m4s: CMTime(seconds:271978.015 timescale:600 value:163186809 flags:valid) id=channel-1-display
2026-05-20T16:00:05.001-0500 debug    [SegmentedAssetWriterDelegate] Did output segment data: 4707171, segmentType:separable, segmentReport:AVAssetSegmentTrackReport(earliestPresentationTimeStamp:CMTime(seconds:271980.00666666665 timescale:600 value:163188004 flags:valid) duration:CMTime(seconds:2.0 timescale:600 value:1200 flags:valid) firstVideoSampleInformation:(presentationTimeStamp:CMTime(seconds:271980.00666666665 timescale:600 value:163188004 flags:valid, hasBeenRounded) offset:1868 length:876104 isSyncSample:true)) id=channel-1-display
2026-05-20T16:00:05.001-0500 debug    [SegmentedAssetWriterDelegate] Writing segment data: file:///Users/brian/Library/Application%20Support/Screen%20Studio/Screen%20Studio%20Recordings/Built-in%20Retina%20Display%202026-05-20%2015:56:09/channel-1-display-0-0118.m4s id=channel-1-display
2026-05-20T16:00:05.006-0500 info     [SegmentedAssetWriterDelegate] Appending channel-1-display-0-0118.m4s: CMTime(seconds:271980.00666666665 timescale:600 value:163188004 flags:valid) id=channel-1-display
2026-05-20T16:00:05.053-0500 debug    [StreamCoordinator: channel-1-display] SCFrameStatus summary for last 5 seconds id=channel-1-display summary=[("complete", 389), ("idle", 96)] total=485
2026-05-20T16:00:07.001-0500 debug    [SegmentedAssetWriterDelegate] Did output segment data: 5781200, segmentType:separable, segmentReport:AVAssetSegmentTrackReport(earliestPresentationTimeStamp:CMTime(seconds:271982.00666666665 timescale:600 value:163189204 flags:valid) duration:CMTime(seconds:2.0 timescale:600 value:1200 flags:valid) firstVideoSampleInformation:(presentationTimeStamp:CMTime(seconds:271982.00666666665 timescale:600 value:163189204 flags:valid, hasBeenRounded) offset:2080 length:875679 isSyncSample:true)) id=channel-1-display
2026-05-20T16:00:07.001-0500 debug    [SegmentedAssetWriterDelegate] Writing segment data: file:///Users/brian/Library/Application%20Support/Screen%20Studio/Screen%20Studio%20Recordings/Built-in%20Retina%20Display%202026-05-20%2015:56:09/channel-1-display-0-0119.m4s id=channel-1-display
2026-05-20T16:00:07.004-0500 info     [SegmentedAssetWriterDelegate] Appending channel-1-display-0-0119.m4s: CMTime(seconds:271982.00666666665 timescale:600 value:163189204 flags:valid) id=channel-1-display
2026-05-20T16:00:09.030-0500 debug    [SegmentedAssetWriterDelegate] Did output segment data: 5946931, segmentType:separable, segmentReport:AVAssetSegmentTrackReport(earliestPresentationTimeStamp:CMTime(seconds:271984.00666666665 timescale:600 value:163190404 flags:valid) duration:CMTime(seconds:2.0083333333333333 timescale:600 value:1205 flags:valid) firstVideoSampleInformation:(presentationTimeStamp:CMTime(seconds:271984.00666666665 timescale:600 value:163190404 flags:valid, hasBeenRounded) offset:2376 length:873188 isSyncSample:true)) id=channel-1-display
2026-05-20T16:00:09.030-0500 debug    [SegmentedAssetWriterDelegate] Writing segment data: file:///Users/brian/Library/Application%20Support/Screen%20Studio/Screen%20Studio%20Recordings/Built-in%20Retina%20Display%202026-05-20%2015:56:09/channel-1-display-0-0120.m4s id=channel-1-display
2026-05-20T16:00:09.034-0500 info     [SegmentedAssetWriterDelegate] Appending channel-1-display-0-0120.m4s: CMTime(seconds:271984.00666666665 timescale:600 value:163190404 flags:valid) id=channel-1-display
2026-05-20T16:00:10.054-0500 debug    [StreamCoordinator: channel-1-display] SCFrameStatus summary for last 5 seconds id=channel-1-display summary=[("complete", 408), ("idle", 86)] total=494
2026-05-20T16:00:11.004-0500 debug    [SegmentedAssetWriterDelegate] Did output segment data: 4649063, segmentType:separable, segmentReport:AVAssetSegmentTrackReport(earliestPresentationTimeStamp:CMTime(seconds:271986.015 timescale:600 value:163191609 flags:valid) duration:CMTime(seconds:2.0 timescale:600 value:1200 flags:valid) firstVideoSampleInformation:(presentationTimeStamp:CMTime(seconds:271986.015 timescale:600 value:163191609 flags:valid, hasBeenRounded) offset:1904 length:875255 isSyncSample:true)) id=channel-1-display
2026-05-20T16:00:11.004-0500 debug    [SegmentedAssetWriterDelegate] Writing segment data: file:///Users/brian/Library/Application%20Support/Screen%20Studio/Screen%20Studio%20Recordings/Built-in%20Retina%20Display%202026-05-20%2015:56:09/channel-1-display-0-0121.m4s id=channel-1-display
2026-05-20T16:00:11.010-0500 info     [SegmentedAssetWriterDelegate] Appending channel-1-display-0-0121.m4s: CMTime(seconds:271986.015 timescale:600 value:163191609 flags:valid) id=channel-1-display
2026-05-20T16:00:12.996-0500 debug    [SegmentedAssetWriterDelegate] Did output segment data: 5482115, segmentType:separable, segmentReport:AVAssetSegmentTrackReport(earliestPresentationTimeStamp:CMTime(seconds:271988.015 timescale:600 value:163192809 flags:valid) duration:CMTime(seconds:1.9916666666666667 timescale:600 value:1195 flags:valid) firstVideoSampleInformation:(presentationTimeStamp:CMTime(seconds:271988.015 timescale:600 value:163192809 flags:valid, hasBeenRounded) offset:2104 length:875726 isSyncSample:true)) id=channel-1-display
2026-05-20T16:00:12.996-0500 debug    [SegmentedAssetWriterDelegate] Writing segment data: file:///Users/brian/Library/Application%20Support/Screen%20Studio/Screen%20Studio%20Recordings/Built-in%20Retina%20Display%202026-05-20%2015:56:09/channel-1-display-0-0122.m4s id=channel-1-display
2026-05-20T16:00:13.002-0500 info     [SegmentedAssetWriterDelegate] Appending channel-1-display-0-0122.m4s: CMTime(seconds:271988.015 timescale:600 value:163192809 flags:valid) id=channel-1-display
2026-05-20T16:00:15.011-0500 debug    [SegmentedAssetWriterDelegate] Did output segment data: 4590023, segmentType:separable, segmentReport:AVAssetSegmentTrackReport(earliestPresentationTimeStamp:CMTime(seconds:271990.00666666665 timescale:600 value:163194004 flags:valid) duration:CMTime(seconds:2.0 timescale:600 value:1200 flags:valid) firstVideoSampleInformation:(presentationTimeStamp:CMTime(seconds:271990.00666666665 timescale:600 value:163194004 flags:valid, hasBeenRounded) offset:1892 length:876038 isSyncSample:true)) id=channel-1-display
2026-05-20T16:00:15.011-0500 debug    [SegmentedAssetWriterDelegate] Writing segment data: file:///Users/brian/Library/Application%20Support/Screen%20Studio/Screen%20Studio%20Recordings/Built-in%20Retina%20Display%202026-05-20%2015:56:09/channel-1-display-0-0123.m4s id=channel-1-display
2026-05-20T16:00:15.015-0500 info     [SegmentedAssetWriterDelegate] Appending channel-1-display-0-0123.m4s: CMTime(seconds:271990.00666666665 timescale:600 value:163194004 flags:valid) id=channel-1-display
2026-05-20T16:00:15.053-0500 debug    [StreamCoordinator: channel-1-display] SCFrameStatus summary for last 5 seconds id=channel-1-display summary=[("complete", 370), ("idle", 111)] total=481
2026-05-20T16:00:17.002-0500 debug    [SegmentedAssetWriterDelegate] Did output segment data: 5805272, segmentType:separable, segmentReport:AVAssetSegmentTrackReport(earliestPresentationTimeStamp:CMTime(seconds:271992.00666666665 timescale:600 value:163195204 flags:valid) duration:CMTime(seconds:2.0 timescale:600 value:1200 flags:valid) firstVideoSampleInformation:(presentationTimeStamp:CMTime(seconds:271992.00666666665 timescale:600 value:163195204 flags:valid, hasBeenRounded) offset:2212 length:876058 isSyncSample:true)) id=channel-1-display
2026-05-20T16:00:17.002-0500 debug    [SegmentedAssetWriterDelegate] Writing segment data: file:///Users/brian/Library/Application%20Support/Screen%20Studio/Screen%20Studio%20Recordings/Built-in%20Retina%20Display%202026-05-20%2015:56:09/channel-1-display-0-0124.m4s id=channel-1-display
2026-05-20T16:00:17.005-0500 info     [SegmentedAssetWriterDelegate] Appending channel-1-display-0-0124.m4s: CMTime(seconds:271992.00666666665 timescale:600 value:163195204 flags:valid) id=channel-1-display
2026-05-20T16:00:19.023-0500 debug    [SegmentedAssetWriterDelegate] Did output segment data: 4859912, segmentType:separable, segmentReport:AVAssetSegmentTrackReport(earliestPresentationTimeStamp:CMTime(seconds:271994.00666666665 timescale:600 value:163196404 flags:valid) duration:CMTime(seconds:2.0083333333333333 timescale:600 value:1205 flags:valid) firstVideoSampleInformation:(presentationTimeStamp:CMTime(seconds:271994.00666666665 timescale:600 value:163196404 flags:valid, hasBeenRounded) offset:1948 length:877060 isSyncSample:true)) id=channel-1-display
2026-05-20T16:00:19.023-0500 debug    [SegmentedAssetWriterDelegate] Writing segment data: file:///Users/brian/Library/Application%20Support/Screen%20Studio/Screen%20Studio%20Recordings/Built-in%20Retina%20Display%202026-05-20%2015:56:09/channel-1-display-0-0125.m4s id=channel-1-display
2026-05-20T16:00:19.030-0500 info     [SegmentedAssetWriterDelegate] Appending channel-1-display-0-0125.m4s: CMTime(seconds:271994.00666666665 timescale:600 value:163196404 flags:valid) id=channel-1-display
2026-05-20T16:00:20.054-0500 debug    [StreamCoordinator: channel-1-display] SCFrameStatus summary for last 5 seconds id=channel-1-display summary=[("complete", 386), ("idle", 100)] total=486
2026-05-20T16:00:20.994-0500 debug    [SegmentedAssetWriterDelegate] Did output segment data: 4604636, segmentType:separable, segmentReport:AVAssetSegmentTrackReport(earliestPresentationTimeStamp:CMTime(seconds:271996.015 timescale:600 value:163197609 flags:valid) duration:CMTime(seconds:1.9916666666666667 timescale:600 value:1195 flags:valid) firstVideoSampleInformation:(presentationTimeStamp:CMTime(seconds:271996.015 timescale:600 value:163197609 flags:valid, hasBeenRounded) offset:1964 length:877814 isSyncSample:true)) id=channel-1-display
2026-05-20T16:00:20.994-0500 debug    [SegmentedAssetWriterDelegate] Writing segment data: file:///Users/brian/Library/Application%20Support/Screen%20Studio/Screen%20Studio%20Recordings/Built-in%20Retina%20Display%202026-05-20%2015:56:09/channel-1-display-0-0126.m4s id=channel-1-display
2026-05-20T16:00:20.997-0500 info     [SegmentedAssetWriterDelegate] Appending channel-1-display-0-0126.m4s: CMTime(seconds:271996.015 timescale:600 value:163197609 flags:valid) id=channel-1-display
2026-05-20T16:00:23.010-0500 debug    [SegmentedAssetWriterDelegate] Did output segment data: 5847894, segmentType:separable, segmentReport:AVAssetSegmentTrackReport(earliestPresentationTimeStamp:CMTime(seconds:271998.00666666665 timescale:600 value:163198804 flags:valid) duration:CMTime(seconds:2.0083333333333333 timescale:600 value:1205 flags:valid) firstVideoSampleInformation:(presentationTimeStamp:CMTime(seconds:271998.00666666665 timescale:600 value:163198804 flags:valid, hasBeenRounded) offset:2088 length:877969 isSyncSample:true)) id=channel-1-display
2026-05-20T16:00:23.010-0500 debug    [SegmentedAssetWriterDelegate] Writing segment data: file:///Users/brian/Library/Application%20Support/Screen%20Studio/Screen%20Studio%20Recordings/Built-in%20Retina%20Display%202026-05-20%2015:56:09/channel-1-display-0-0127.m4s id=channel-1-display
2026-05-20T16:00:23.012-0500 info     [SegmentedAssetWriterDelegate] Appending channel-1-display-0-0127.m4s: CMTime(seconds:271998.00666666665 timescale:600 value:163198804 flags:valid) id=channel-1-display
2026-05-20T16:00:24.996-0500 debug    [SegmentedAssetWriterDelegate] Did output segment data: 4984113, segmentType:separable, segmentReport:AVAssetSegmentTrackReport(earliestPresentationTimeStamp:CMTime(seconds:272000.015 timescale:600 value:163200009 flags:valid) duration:CMTime(seconds:1.9866666666666666 timescale:600 value:1192 flags:valid) firstVideoSampleInformation:(presentationTimeStamp:CMTime(seconds:272000.015 timescale:600 value:163200009 flags:valid, hasBeenRounded) offset:1796 length:877796 isSyncSample:true)) id=channel-1-display
2026-05-20T16:00:24.996-0500 debug    [SegmentedAssetWriterDelegate] Writing segment data: file:///Users/brian/Library/Application%20Support/Screen%20Studio/Screen%20Studio%20Recordings/Built-in%20Retina%20Display%202026-05-20%2015:56:09/channel-1-display-0-0128.m4s id=channel-1-display
2026-05-20T16:00:24.998-0500 info     [SegmentedAssetWriterDelegate] Appending channel-1-display-0-0128.m4s: CMTime(seconds:272000.015 timescale:600 value:163200009 flags:valid) id=channel-1-display
2026-05-20T16:00:25.054-0500 debug    [StreamCoordinator: channel-1-display] SCFrameStatus summary for last 5 seconds id=channel-1-display summary=[("complete", 363), ("idle", 114)] total=477
2026-05-20T16:00:27.006-0500 debug    [SegmentedAssetWriterDelegate] Did output segment data: 4553949, segmentType:separable, segmentReport:AVAssetSegmentTrackReport(earliestPresentationTimeStamp:CMTime(seconds:272002.00166666665 timescale:600 value:163201201 flags:valid) duration:CMTime(seconds:2.0 timescale:600 value:1200 flags:valid) firstVideoSampleInformation:(presentationTimeStamp:CMTime(seconds:272002.00166666665 timescale:600 value:163201201 flags:valid, hasBeenRounded) offset:1820 length:875119 isSyncSample:true)) id=channel-1-display
2026-05-20T16:00:27.006-0500 debug    [SegmentedAssetWriterDelegate] Writing segment data: file:///Users/brian/Library/Application%20Support/Screen%20Studio/Screen%20Studio%20Recordings/Built-in%20Retina%20Display%202026-05-20%2015:56:09/channel-1-display-0-0129.m4s id=channel-1-display
2026-05-20T16:00:27.008-0500 info     [SegmentedAssetWriterDelegate] Appending channel-1-display-0-0129.m4s: CMTime(seconds:272002.00166666665 timescale:600 value:163201201 flags:valid) id=channel-1-display
2026-05-20T16:00:28.987-0500 debug    [SegmentedAssetWriterDelegate] Did output segment data: 5851229, segmentType:separable, segmentReport:AVAssetSegmentTrackReport(earliestPresentationTimeStamp:CMTime(seconds:272004.00166666665 timescale:600 value:163202401 flags:valid) duration:CMTime(seconds:2.0 timescale:600 value:1200 flags:valid) firstVideoSampleInformation:(presentationTimeStamp:CMTime(seconds:272004.00166666665 timescale:600 value:163202401 flags:valid, hasBeenRounded) offset:2136 length:859447 isSyncSample:true)) id=channel-1-display
2026-05-20T16:00:28.987-0500 debug    [SegmentedAssetWriterDelegate] Writing segment data: file:///Users/brian/Library/Application%20Support/Screen%20Studio/Screen%20Studio%20Recordings/Built-in%20Retina%20Display%202026-05-20%2015:56:09/channel-1-display-0-0130.m4s id=channel-1-display
2026-05-20T16:00:28.990-0500 info     [SegmentedAssetWriterDelegate] Appending channel-1-display-0-0130.m4s: CMTime(seconds:272004.00166666665 timescale:600 value:163202401 flags:valid) id=channel-1-display
2026-05-20T16:00:30.053-0500 debug    [StreamCoordinator: channel-1-display] SCFrameStatus summary for last 5 seconds id=channel-1-display summary=[("complete", 376), ("idle", 106)] total=482
2026-05-20T16:00:31.005-0500 debug    [SegmentedAssetWriterDelegate] Did output segment data: 4994134, segmentType:separable, segmentReport:AVAssetSegmentTrackReport(earliestPresentationTimeStamp:CMTime(seconds:272006.00166666665 timescale:600 value:163203601 flags:valid) duration:CMTime(seconds:2.0083333333333333 timescale:600 value:1205 flags:valid) firstVideoSampleInformation:(presentationTimeStamp:CMTime(seconds:272006.00166666665 timescale:600 value:163203601 flags:valid, hasBeenRounded) offset:1996 length:876033 isSyncSample:true)) id=channel-1-display
2026-05-20T16:00:31.006-0500 debug    [SegmentedAssetWriterDelegate] Writing segment data: file:///Users/brian/Library/Application%20Support/Screen%20Studio/Screen%20Studio%20Recordings/Built-in%20Retina%20Display%202026-05-20%2015:56:09/channel-1-display-0-0131.m4s id=channel-1-display
2026-05-20T16:00:31.008-0500 info     [SegmentedAssetWriterDelegate] Appending channel-1-display-0-0131.m4s: CMTime(seconds:272006.00166666665 timescale:600 value:163203601 flags:valid) id=channel-1-display
2026-05-20T16:00:32.997-0500 debug    [SegmentedAssetWriterDelegate] Did output segment data: 4925734, segmentType:separable, segmentReport:AVAssetSegmentTrackReport(earliestPresentationTimeStamp:CMTime(seconds:272008.01 timescale:600 value:163204806 flags:valid) duration:CMTime(seconds:1.9916666666666667 timescale:600 value:1195 flags:valid) firstVideoSampleInformation:(presentationTimeStamp:CMTime(seconds:272008.01 timescale:600 value:163204806 flags:valid, hasBeenRounded) offset:1972 length:877239 isSyncSample:true)) id=channel-1-display
2026-05-20T16:00:32.997-0500 debug    [SegmentedAssetWriterDelegate] Writing segment data: file:///Users/brian/Library/Application%20Support/Screen%20Studio/Screen%20Studio%20Recordings/Built-in%20Retina%20Display%202026-05-20%2015:56:09/channel-1-display-0-0132.m4s id=channel-1-display
2026-05-20T16:00:33.000-0500 info     [SegmentedAssetWriterDelegate] Appending channel-1-display-0-0132.m4s: CMTime(seconds:272008.01 timescale:600 value:163204806 flags:valid) id=channel-1-display
2026-05-20T16:00:35.014-0500 debug    [SegmentedAssetWriterDelegate] Did output segment data: 5444776, segmentType:separable, segmentReport:AVAssetSegmentTrackReport(earliestPresentationTimeStamp:CMTime(seconds:272010.00166666665 timescale:600 value:163206001 flags:valid) duration:CMTime(seconds:2.0083333333333333 timescale:600 value:1205 flags:valid) firstVideoSampleInformation:(presentationTimeStamp:CMTime(seconds:272010.00166666665 timescale:600 value:163206001 flags:valid, hasBeenRounded) offset:2020 length:875441 isSyncSample:true)) id=channel-1-display
2026-05-20T16:00:35.014-0500 debug    [SegmentedAssetWriterDelegate] Writing segment data: file:///Users/brian/Library/Application%20Support/Screen%20Studio/Screen%20Studio%20Recordings/Built-in%20Retina%20Display%202026-05-20%2015:56:09/channel-1-display-0-0133.m4s id=channel-1-display
2026-05-20T16:00:35.017-0500 info     [SegmentedAssetWriterDelegate] Appending channel-1-display-0-0133.m4s: CMTime(seconds:272010.00166666665 timescale:600 value:163206001 flags:valid) id=channel-1-display
2026-05-20T16:00:35.054-0500 debug    [StreamCoordinator: channel-1-display] SCFrameStatus summary for last 5 seconds id=channel-1-display summary=[("complete", 366), ("idle", 114)] total=480
2026-05-20T16:00:37.001-0500 debug    [SegmentedAssetWriterDelegate] Did output segment data: 6791966, segmentType:separable, segmentReport:AVAssetSegmentTrackReport(earliestPresentationTimeStamp:CMTime(seconds:272012.01 timescale:600 value:163207206 flags:valid) duration:CMTime(seconds:2.0 timescale:600 value:1200 flags:valid) firstVideoSampleInformation:(presentationTimeStamp:CMTime(seconds:272012.01 timescale:600 value:163207206 flags:valid, hasBeenRounded) offset:2264 length:875623 isSyncSample:true)) id=channel-1-display
2026-05-20T16:00:37.001-0500 debug    [SegmentedAssetWriterDelegate] Writing segment data: file:///Users/brian/Library/Application%20Support/Screen%20Studio/Screen%20Studio%20Recordings/Built-in%20Retina%20Display%202026-05-20%2015:56:09/channel-1-display-0-0134.m4s id=channel-1-display
2026-05-20T16:00:37.006-0500 info     [SegmentedAssetWriterDelegate] Appending channel-1-display-0-0134.m4s: CMTime(seconds:272012.01 timescale:600 value:163207206 flags:valid) id=channel-1-display
2026-05-20T16:00:39.012-0500 debug    [SegmentedAssetWriterDelegate] Did output segment data: 6004247, segmentType:separable, segmentReport:AVAssetSegmentTrackReport(earliestPresentationTimeStamp:CMTime(seconds:272014.01 timescale:600 value:163208406 flags:valid) duration:CMTime(seconds:1.9916666666666667 timescale:600 value:1195 flags:valid) firstVideoSampleInformation:(presentationTimeStamp:CMTime(seconds:272014.01 timescale:600 value:163208406 flags:valid, hasBeenRounded) offset:2160 length:874836 isSyncSample:true)) id=channel-1-display
2026-05-20T16:00:39.012-0500 debug    [SegmentedAssetWriterDelegate] Writing segment data: file:///Users/brian/Library/Application%20Support/Screen%20Studio/Screen%20Studio%20Recordings/Built-in%20Retina%20Display%202026-05-20%2015:56:09/channel-1-display-0-0135.m4s id=channel-1-display
2026-05-20T16:00:39.014-0500 info     [SegmentedAssetWriterDelegate] Appending channel-1-display-0-0135.m4s: CMTime(seconds:272014.01 timescale:600 value:163208406 flags:valid) id=channel-1-display
2026-05-20T16:00:40.053-0500 debug    [StreamCoordinator: channel-1-display] SCFrameStatus summary for last 5 seconds id=channel-1-display summary=[("complete", 411), ("idle", 86)] total=497
2026-05-20T16:00:40.997-0500 debug    [SegmentedAssetWriterDelegate] Did output segment data: 5476573, segmentType:separable, segmentReport:AVAssetSegmentTrackReport(earliestPresentationTimeStamp:CMTime(seconds:272016.00166666665 timescale:600 value:163209601 flags:valid) duration:CMTime(seconds:2.0 timescale:600 value:1200 flags:valid) firstVideoSampleInformation:(presentationTimeStamp:CMTime(seconds:272016.00166666665 timescale:600 value:163209601 flags:valid, hasBeenRounded) offset:2044 length:880622 isSyncSample:true)) id=channel-1-display
2026-05-20T16:00:40.997-0500 debug    [SegmentedAssetWriterDelegate] Writing segment data: file:///Users/brian/Library/Application%20Support/Screen%20Studio/Screen%20Studio%20Recordings/Built-in%20Retina%20Display%202026-05-20%2015:56:09/channel-1-display-0-0136.m4s id=channel-1-display
2026-05-20T16:00:41.000-0500 info     [SegmentedAssetWriterDelegate] Appending channel-1-display-0-0136.m4s: CMTime(seconds:272016.00166666665 timescale:600 value:163209601 flags:valid) id=channel-1-display
2026-05-20T16:00:43.006-0500 debug    [SegmentedAssetWriterDelegate] Did output segment data: 5487705, segmentType:separable, segmentReport:AVAssetSegmentTrackReport(earliestPresentationTimeStamp:CMTime(seconds:272018.00166666665 timescale:600 value:163210801 flags:valid) duration:CMTime(seconds:2.0166666666666666 timescale:600 value:1210 flags:valid) firstVideoSampleInformation:(presentationTimeStamp:CMTime(seconds:272018.00166666665 timescale:600 value:163210801 flags:valid, hasBeenRounded) offset:2028 length:880728 isSyncSample:true)) id=channel-1-display
2026-05-20T16:00:43.006-0500 debug    [SegmentedAssetWriterDelegate] Writing segment data: file:///Users/brian/Library/Application%20Support/Screen%20Studio/Screen%20Studio%20Recordings/Built-in%20Retina%20Display%202026-05-20%2015:56:09/channel-1-display-0-0137.m4s id=channel-1-display
2026-05-20T16:00:43.011-0500 info     [SegmentedAssetWriterDelegate] Appending channel-1-display-0-0137.m4s: CMTime(seconds:272018.00166666665 timescale:600 value:163210801 flags:valid) id=channel-1-display
2026-05-20T16:00:45.008-0500 debug    [SegmentedAssetWriterDelegate] Did output segment data: 5557517, segmentType:separable, segmentReport:AVAssetSegmentTrackReport(earliestPresentationTimeStamp:CMTime(seconds:272020.0183333333 timescale:600 value:163212011 flags:valid) duration:CMTime(seconds:1.9833333333333334 timescale:600 value:1190 flags:valid) firstVideoSampleInformation:(presentationTimeStamp:CMTime(seconds:272020.0183333333 timescale:600 value:163212011 flags:valid, hasBeenRounded) offset:2224 length:880922 isSyncSample:true)) id=channel-1-display
2026-05-20T16:00:45.008-0500 debug    [SegmentedAssetWriterDelegate] Writing segment data: file:///Users/brian/Library/Application%20Support/Screen%20Studio/Screen%20Studio%20Recordings/Built-in%20Retina%20Display%202026-05-20%2015:56:09/channel-1-display-0-0138.m4s id=channel-1-display
2026-05-20T16:00:45.012-0500 info     [SegmentedAssetWriterDelegate] Appending channel-1-display-0-0138.m4s: CMTime(seconds:272020.0183333333 timescale:600 value:163212011 flags:valid) id=channel-1-display
2026-05-20T16:00:45.053-0500 debug    [StreamCoordinator: channel-1-display] SCFrameStatus summary for last 5 seconds id=channel-1-display summary=[("complete", 393), ("idle", 96)] total=489
2026-05-20T16:00:46.998-0500 debug    [SegmentedAssetWriterDelegate] Did output segment data: 4910087, segmentType:separable, segmentReport:AVAssetSegmentTrackReport(earliestPresentationTimeStamp:CMTime(seconds:272022.00166666665 timescale:600 value:163213201 flags:valid) duration:CMTime(seconds:2.0083333333333333 timescale:600 value:1205 flags:valid) firstVideoSampleInformation:(presentationTimeStamp:CMTime(seconds:272022.00166666665 timescale:600 value:163213201 flags:valid, hasBeenRounded) offset:1964 length:880934 isSyncSample:true)) id=channel-1-display
2026-05-20T16:00:46.998-0500 debug    [SegmentedAssetWriterDelegate] Writing segment data: file:///Users/brian/Library/Application%20Support/Screen%20Studio/Screen%20Studio%20Recordings/Built-in%20Retina%20Display%202026-05-20%2015:56:09/channel-1-display-0-0139.m4s id=channel-1-display
2026-05-20T16:00:47.004-0500 info     [SegmentedAssetWriterDelegate] Appending channel-1-display-0-0139.m4s: CMTime(seconds:272022.00166666665 timescale:600 value:163213201 flags:valid) id=channel-1-display
2026-05-20T16:00:48.997-0500 debug    [SegmentedAssetWriterDelegate] Did output segment data: 4955901, segmentType:separable, segmentReport:AVAssetSegmentTrackReport(earliestPresentationTimeStamp:CMTime(seconds:272024.01 timescale:600 value:163214406 flags:valid) duration:CMTime(seconds:1.9916666666666667 timescale:600 value:1195 flags:valid) firstVideoSampleInformation:(presentationTimeStamp:CMTime(seconds:272024.01 timescale:600 value:163214406 flags:valid, hasBeenRounded) offset:2008 length:879601 isSyncSample:true)) id=channel-1-display
2026-05-20T16:00:48.997-0500 debug    [SegmentedAssetWriterDelegate] Writing segment data: file:///Users/brian/Library/Application%20Support/Screen%20Studio/Screen%20Studio%20Recordings/Built-in%20Retina%20Display%202026-05-20%2015:56:09/channel-1-display-0-0140.m4s id=channel-1-display
2026-05-20T16:00:48.999-0500 info     [SegmentedAssetWriterDelegate] Appending channel-1-display-0-0140.m4s: CMTime(seconds:272024.01 timescale:600 value:163214406 flags:valid) id=channel-1-display
2026-05-20T16:00:50.054-0500 debug    [StreamCoordinator: channel-1-display] SCFrameStatus summary for last 5 seconds id=channel-1-display summary=[("complete", 378), ("idle", 104)] total=482
2026-05-20T16:00:51.038-0500 debug    [SegmentedAssetWriterDelegate] Did output segment data: 5931533, segmentType:separable, segmentReport:AVAssetSegmentTrackReport(earliestPresentationTimeStamp:CMTime(seconds:272026.00166666665 timescale:600 value:163215601 flags:valid) duration:CMTime(seconds:2.0083333333333333 timescale:600 value:1205 flags:valid) firstVideoSampleInformation:(presentationTimeStamp:CMTime(seconds:272026.00166666665 timescale:600 value:163215601 flags:valid, hasBeenRounded) offset:2100 length:877181 isSyncSample:true)) id=channel-1-display
2026-05-20T16:00:51.038-0500 debug    [SegmentedAssetWriterDelegate] Writing segment data: file:///Users/brian/Library/Application%20Support/Screen%20Studio/Screen%20Studio%20Recordings/Built-in%20Retina%20Display%202026-05-20%2015:56:09/channel-1-display-0-0141.m4s id=channel-1-display
2026-05-20T16:00:51.042-0500 info     [SegmentedAssetWriterDelegate] Appending channel-1-display-0-0141.m4s: CMTime(seconds:272026.00166666665 timescale:600 value:163215601 flags:valid) id=channel-1-display
2026-05-20T16:00:53.028-0500 debug    [SegmentedAssetWriterDelegate] Did output segment data: 5512917, segmentType:separable, segmentReport:AVAssetSegmentTrackReport(earliestPresentationTimeStamp:CMTime(seconds:272028.01 timescale:600 value:163216806 flags:valid) duration:CMTime(seconds:1.9916666666666667 timescale:600 value:1195 flags:valid) firstVideoSampleInformation:(presentationTimeStamp:CMTime(seconds:272028.01 timescale:600 value:163216806 flags:valid, hasBeenRounded) offset:2068 length:878282 isSyncSample:true)) id=channel-1-display
2026-05-20T16:00:53.029-0500 debug    [SegmentedAssetWriterDelegate] Writing segment data: file:///Users/brian/Library/Application%20Support/Screen%20Studio/Screen%20Studio%20Recordings/Built-in%20Retina%20Display%202026-05-20%2015:56:09/channel-1-display-0-0142.m4s id=channel-1-display
2026-05-20T16:00:53.031-0500 info     [SegmentedAssetWriterDelegate] Appending channel-1-display-0-0142.m4s: CMTime(seconds:272028.01 timescale:600 value:163216806 flags:valid) id=channel-1-display
2026-05-20T16:00:54.995-0500 debug    [SegmentedAssetWriterDelegate] Did output segment data: 5942907, segmentType:separable, segmentReport:AVAssetSegmentTrackReport(earliestPresentationTimeStamp:CMTime(seconds:272030.00166666665 timescale:600 value:163218001 flags:valid) duration:CMTime(seconds:2.0 timescale:600 value:1200 flags:valid) firstVideoSampleInformation:(presentationTimeStamp:CMTime(seconds:272030.00166666665 timescale:600 value:163218001 flags:valid, hasBeenRounded) offset:2048 length:878259 isSyncSample:true)) id=channel-1-display
2026-05-20T16:00:54.995-0500 debug    [SegmentedAssetWriterDelegate] Writing segment data: file:///Users/brian/Library/Application%20Support/Screen%20Studio/Screen%20Studio%20Recordings/Built-in%20Retina%20Display%202026-05-20%2015:56:09/channel-1-display-0-0143.m4s id=channel-1-display
2026-05-20T16:00:54.998-0500 info     [SegmentedAssetWriterDelegate] Appending channel-1-display-0-0143.m4s: CMTime(seconds:272030.00166666665 timescale:600 value:163218001 flags:valid) id=channel-1-display
2026-05-20T16:00:55.055-0500 debug    [StreamCoordinator: channel-1-display] SCFrameStatus summary for last 5 seconds id=channel-1-display summary=[("complete", 383), ("idle", 100)] total=483
2026-05-20T16:00:56.997-0500 debug    [SegmentedAssetWriterDelegate] Did output segment data: 5500609, segmentType:separable, segmentReport:AVAssetSegmentTrackReport(earliestPresentationTimeStamp:CMTime(seconds:272032.00166666665 timescale:600 value:163219201 flags:valid) duration:CMTime(seconds:2.0083333333333333 timescale:600 value:1205 flags:valid) firstVideoSampleInformation:(presentationTimeStamp:CMTime(seconds:272032.00166666665 timescale:600 value:163219201 flags:valid, hasBeenRounded) offset:2020 length:879344 isSyncSample:true)) id=channel-1-display
2026-05-20T16:00:56.997-0500 debug    [SegmentedAssetWriterDelegate] Writing segment data: file:///Users/brian/Library/Application%20Support/Screen%20Studio/Screen%20Studio%20Recordings/Built-in%20Retina%20Display%202026-05-20%2015:56:09/channel-1-display-0-0144.m4s id=channel-1-display
2026-05-20T16:00:57.001-0500 info     [SegmentedAssetWriterDelegate] Appending channel-1-display-0-0144.m4s: CMTime(seconds:272032.00166666665 timescale:600 value:163219201 flags:valid) id=channel-1-display
2026-05-20T16:00:59.006-0500 debug    [SegmentedAssetWriterDelegate] Did output segment data: 5507397, segmentType:separable, segmentReport:AVAssetSegmentTrackReport(earliestPresentationTimeStamp:CMTime(seconds:272034.01 timescale:600 value:163220406 flags:valid) duration:CMTime(seconds:1.9916666666666667 timescale:600 value:1195 flags:valid) firstVideoSampleInformation:(presentationTimeStamp:CMTime(seconds:272034.01 timescale:600 value:163220406 flags:valid, hasBeenRounded) offset:2020 length:879550 isSyncSample:true)) id=channel-1-display
2026-05-20T16:00:59.006-0500 debug    [SegmentedAssetWriterDelegate] Writing segment data: file:///Users/brian/Library/Application%20Support/Screen%20Studio/Screen%20Studio%20Recordings/Built-in%20Retina%20Display%202026-05-20%2015:56:09/channel-1-display-0-0145.m4s id=channel-1-display
2026-05-20T16:00:59.009-0500 info     [SegmentedAssetWriterDelegate] Appending channel-1-display-0-0145.m4s: CMTime(seconds:272034.01 timescale:600 value:163220406 flags:valid) id=channel-1-display
2026-05-20T16:01:00.054-0500 debug    [StreamCoordinator: channel-1-display] SCFrameStatus summary for last 5 seconds id=channel-1-display summary=[("complete", 368), ("idle", 112)] total=480
2026-05-20T16:01:00.995-0500 debug    [SegmentedAssetWriterDelegate] Did output segment data: 4962833, segmentType:separable, segmentReport:AVAssetSegmentTrackReport(earliestPresentationTimeStamp:CMTime(seconds:272036.00166666665 timescale:600 value:163221601 flags:valid) duration:CMTime(seconds:2.0 timescale:600 value:1200 flags:valid) firstVideoSampleInformation:(presentationTimeStamp:CMTime(seconds:272036.00166666665 timescale:600 value:163221601 flags:valid, hasBeenRounded) offset:1948 length:879596 isSyncSample:true)) id=channel-1-display
2026-05-20T16:01:00.995-0500 debug    [SegmentedAssetWriterDelegate] Writing segment data: file:///Users/brian/Library/Application%20Support/Screen%20Studio/Screen%20Studio%20Recordings/Built-in%20Retina%20Display%202026-05-20%2015:56:09/channel-1-display-0-0146.m4s id=channel-1-display
2026-05-20T16:01:00.998-0500 info     [SegmentedAssetWriterDelegate] Appending channel-1-display-0-0146.m4s: CMTime(seconds:272036.00166666665 timescale:600 value:163221601 flags:valid) id=channel-1-display
2026-05-20T16:01:03.002-0500 debug    [SegmentedAssetWriterDelegate] Did output segment data: 5542191, segmentType:separable, segmentReport:AVAssetSegmentTrackReport(earliestPresentationTimeStamp:CMTime(seconds:272038.00166666665 timescale:600 value:163222801 flags:valid) duration:CMTime(seconds:2.0 timescale:600 value:1200 flags:valid) firstVideoSampleInformation:(presentationTimeStamp:CMTime(seconds:272038.00166666665 timescale:600 value:163222801 flags:valid, hasBeenRounded) offset:2104 length:880816 isSyncSample:true)) id=channel-1-display
2026-05-20T16:01:03.002-0500 debug    [SegmentedAssetWriterDelegate] Writing segment data: file:///Users/brian/Library/Application%20Support/Screen%20Studio/Screen%20Studio%20Recordings/Built-in%20Retina%20Display%202026-05-20%2015:56:09/channel-1-display-0-0147.m4s id=channel-1-display
2026-05-20T16:01:03.007-0500 info     [SegmentedAssetWriterDelegate] Appending channel-1-display-0-0147.m4s: CMTime(seconds:272038.00166666665 timescale:600 value:163222801 flags:valid) id=channel-1-display
2026-05-20T16:01:04.998-0500 debug    [SegmentedAssetWriterDelegate] Did output segment data: 5869242, segmentType:separable, segmentReport:AVAssetSegmentTrackReport(earliestPresentationTimeStamp:CMTime(seconds:272040.00166666665 timescale:600 value:163224001 flags:valid) duration:CMTime(seconds:2.0 timescale:600 value:1200 flags:valid) firstVideoSampleInformation:(presentationTimeStamp:CMTime(seconds:272040.00166666665 timescale:600 value:163224001 flags:valid, hasBeenRounded) offset:2076 length:880933 isSyncSample:true)) id=channel-1-display
2026-05-20T16:01:04.998-0500 debug    [SegmentedAssetWriterDelegate] Writing segment data: file:///Users/brian/Library/Application%20Support/Screen%20Studio/Screen%20Studio%20Recordings/Built-in%20Retina%20Display%202026-05-20%2015:56:09/channel-1-display-0-0148.m4s id=channel-1-display
2026-05-20T16:01:05.002-0500 info     [SegmentedAssetWriterDelegate] Appending channel-1-display-0-0148.m4s: CMTime(seconds:272040.00166666665 timescale:600 value:163224001 flags:valid) id=channel-1-display
2026-05-20T16:01:05.054-0500 debug    [StreamCoordinator: channel-1-display] SCFrameStatus summary for last 5 seconds id=channel-1-display summary=[("complete", 391), ("idle", 99)] total=490
2026-05-20T16:01:06.998-0500 debug    [SegmentedAssetWriterDelegate] Did output segment data: 5061012, segmentType:separable, segmentReport:AVAssetSegmentTrackReport(earliestPresentationTimeStamp:CMTime(seconds:272042.00166666665 timescale:600 value:163225201 flags:valid) duration:CMTime(seconds:2.0 timescale:600 value:1200 flags:valid) firstVideoSampleInformation:(presentationTimeStamp:CMTime(seconds:272042.00166666665 timescale:600 value:163225201 flags:valid, hasBeenRounded) offset:1984 length:883398 isSyncSample:true)) id=channel-1-display
2026-05-20T16:01:06.998-0500 debug    [SegmentedAssetWriterDelegate] Writing segment data: file:///Users/brian/Library/Application%20Support/Screen%20Studio/Screen%20Studio%20Recordings/Built-in%20Retina%20Display%202026-05-20%2015:56:09/channel-1-display-0-0149.m4s id=channel-1-display
2026-05-20T16:01:07.000-0500 info     [SegmentedAssetWriterDelegate] Appending channel-1-display-0-0149.m4s: CMTime(seconds:272042.00166666665 timescale:600 value:163225201 flags:valid) id=channel-1-display
2026-05-20T16:01:09.003-0500 debug    [SegmentedAssetWriterDelegate] Did output segment data: 5554451, segmentType:separable, segmentReport:AVAssetSegmentTrackReport(earliestPresentationTimeStamp:CMTime(seconds:272044.00166666665 timescale:600 value:163226401 flags:valid) duration:CMTime(seconds:2.0083333333333333 timescale:600 value:1205 flags:valid) firstVideoSampleInformation:(presentationTimeStamp:CMTime(seconds:272044.00166666665 timescale:600 value:163226401 flags:valid, hasBeenRounded) offset:2104 length:885232 isSyncSample:true)) id=channel-1-display
2026-05-20T16:01:09.003-0500 debug    [SegmentedAssetWriterDelegate] Writing segment data: file:///Users/brian/Library/Application%20Support/Screen%20Studio/Screen%20Studio%20Recordings/Built-in%20Retina%20Display%202026-05-20%2015:56:09/channel-1-display-0-0150.m4s id=channel-1-display
2026-05-20T16:01:09.006-0500 info     [SegmentedAssetWriterDelegate] Appending channel-1-display-0-0150.m4s: CMTime(seconds:272044.00166666665 timescale:600 value:163226401 flags:valid) id=channel-1-display
2026-05-20T16:01:10.055-0500 debug    [StreamCoordinator: channel-1-display] SCFrameStatus summary for last 5 seconds id=channel-1-display summary=[("complete", 380), ("idle", 105)] total=485
2026-05-20T16:01:11.008-0500 debug    [SegmentedAssetWriterDelegate] Did output segment data: 5904595, segmentType:separable, segmentReport:AVAssetSegmentTrackReport(earliestPresentationTimeStamp:CMTime(seconds:272046.01 timescale:600 value:163227606 flags:valid) duration:CMTime(seconds:1.9916666666666667 timescale:600 value:1195 flags:valid) firstVideoSampleInformation:(presentationTimeStamp:CMTime(seconds:272046.01 timescale:600 value:163227606 flags:valid, hasBeenRounded) offset:2040 length:885633 isSyncSample:true)) id=channel-1-display
2026-05-20T16:01:11.008-0500 debug    [SegmentedAssetWriterDelegate] Writing segment data: file:///Users/brian/Library/Application%20Support/Screen%20Studio/Screen%20Studio%20Recordings/Built-in%20Retina%20Display%202026-05-20%2015:56:09/channel-1-display-0-0151.m4s id=channel-1-display
2026-05-20T16:01:11.011-0500 info     [SegmentedAssetWriterDelegate] Appending channel-1-display-0-0151.m4s: CMTime(seconds:272046.01 timescale:600 value:163227606 flags:valid) id=channel-1-display
2026-05-20T16:01:12.993-0500 debug    [SegmentedAssetWriterDelegate] Did output segment data: 6025956, segmentType:separable, segmentReport:AVAssetSegmentTrackReport(earliestPresentationTimeStamp:CMTime(seconds:272048.00166666665 timescale:600 value:163228801 flags:valid) duration:CMTime(seconds:2.0 timescale:600 value:1200 flags:valid) firstVideoSampleInformation:(presentationTimeStamp:CMTime(seconds:272048.00166666665 timescale:600 value:163228801 flags:valid, hasBeenRounded) offset:2048 length:887555 isSyncSample:true)) id=channel-1-display
2026-05-20T16:01:12.993-0500 debug    [SegmentedAssetWriterDelegate] Writing segment data: file:///Users/brian/Library/Application%20Support/Screen%20Studio/Screen%20Studio%20Recordings/Built-in%20Retina%20Display%202026-05-20%2015:56:09/channel-1-display-0-0152.m4s id=channel-1-display
2026-05-20T16:01:12.996-0500 info     [SegmentedAssetWriterDelegate] Appending channel-1-display-0-0152.m4s: CMTime(seconds:272048.00166666665 timescale:600 value:163228801 flags:valid) id=channel-1-display
2026-05-20T16:01:15.033-0500 debug    [SegmentedAssetWriterDelegate] Did output segment data: 5911899, segmentType:separable, segmentReport:AVAssetSegmentTrackReport(earliestPresentationTimeStamp:CMTime(seconds:272050.00166666665 timescale:600 value:163230001 flags:valid) duration:CMTime(seconds:2.0166666666666666 timescale:600 value:1210 flags:valid) firstVideoSampleInformation:(presentationTimeStamp:CMTime(seconds:272050.00166666665 timescale:600 value:163230001 flags:valid, hasBeenRounded) offset:2056 length:886280 isSyncSample:true)) id=channel-1-display
2026-05-20T16:01:15.033-0500 debug    [SegmentedAssetWriterDelegate] Writing segment data: file:///Users/brian/Library/Application%20Support/Screen%20Studio/Screen%20Studio%20Recordings/Built-in%20Retina%20Display%202026-05-20%2015:56:09/channel-1-display-0-0153.m4s id=channel-1-display
2026-05-20T16:01:15.036-0500 info     [SegmentedAssetWriterDelegate] Appending channel-1-display-0-0153.m4s: CMTime(seconds:272050.00166666665 timescale:600 value:163230001 flags:valid) id=channel-1-display
2026-05-20T16:01:15.054-0500 debug    [StreamCoordinator: channel-1-display] SCFrameStatus summary for last 5 seconds id=channel-1-display summary=[("complete", 380), ("idle", 101)] total=481
2026-05-20T16:01:16.989-0500 debug    [SegmentedAssetWriterDelegate] Did output segment data: 5609452, segmentType:separable, segmentReport:AVAssetSegmentTrackReport(earliestPresentationTimeStamp:CMTime(seconds:272052.0183333333 timescale:600 value:163231211 flags:valid) duration:CMTime(seconds:1.9833333333333334 timescale:600 value:1190 flags:valid) firstVideoSampleInformation:(presentationTimeStamp:CMTime(seconds:272052.0183333333 timescale:600 value:163231211 flags:valid, hasBeenRounded) offset:2080 length:885807 isSyncSample:true)) id=channel-1-display
2026-05-20T16:01:16.989-0500 debug    [SegmentedAssetWriterDelegate] Writing segment data: file:///Users/brian/Library/Application%20Support/Screen%20Studio/Screen%20Studio%20Recordings/Built-in%20Retina%20Display%202026-05-20%2015:56:09/channel-1-display-0-0154.m4s id=channel-1-display
2026-05-20T16:01:16.992-0500 info     [SegmentedAssetWriterDelegate] Appending channel-1-display-0-0154.m4s: CMTime(seconds:272052.0183333333 timescale:600 value:163231211 flags:valid) id=channel-1-display
2026-05-20T16:01:19.000-0500 debug    [SegmentedAssetWriterDelegate] Did output segment data: 5890529, segmentType:separable, segmentReport:AVAssetSegmentTrackReport(earliestPresentationTimeStamp:CMTime(seconds:272054.00166666665 timescale:600 value:163232401 flags:valid) duration:CMTime(seconds:2.0 timescale:600 value:1200 flags:valid) firstVideoSampleInformation:(presentationTimeStamp:CMTime(seconds:272054.00166666665 timescale:600 value:163232401 flags:valid, hasBeenRounded) offset:2272 length:886055 isSyncSample:true)) id=channel-1-display
2026-05-20T16:01:19.000-0500 debug    [SegmentedAssetWriterDelegate] Writing segment data: file:///Users/brian/Library/Application%20Support/Screen%20Studio/Screen%20Studio%20Recordings/Built-in%20Retina%20Display%202026-05-20%2015:56:09/channel-1-display-0-0155.m4s id=channel-1-display
2026-05-20T16:01:19.004-0500 info     [SegmentedAssetWriterDelegate] Appending channel-1-display-0-0155.m4s: CMTime(seconds:272054.00166666665 timescale:600 value:163232401 flags:valid) id=channel-1-display
2026-05-20T16:01:20.053-0500 debug    [StreamCoordinator: channel-1-display] SCFrameStatus summary for last 5 seconds id=channel-1-display summary=[("complete", 407), ("idle", 89)] total=496
2026-05-20T16:01:20.998-0500 debug    [SegmentedAssetWriterDelegate] Did output segment data: 5531508, segmentType:separable, segmentReport:AVAssetSegmentTrackReport(earliestPresentationTimeStamp:CMTime(seconds:272056.00166666665 timescale:600 value:163233601 flags:valid) duration:CMTime(seconds:2.0083333333333333 timescale:600 value:1205 flags:valid) firstVideoSampleInformation:(presentationTimeStamp:CMTime(seconds:272056.00166666665 timescale:600 value:163233601 flags:valid, hasBeenRounded) offset:2152 length:886280 isSyncSample:true)) id=channel-1-display
2026-05-20T16:01:20.998-0500 debug    [SegmentedAssetWriterDelegate] Writing segment data: file:///Users/brian/Library/Application%20Support/Screen%20Studio/Screen%20Studio%20Recordings/Built-in%20Retina%20Display%202026-05-20%2015:56:09/channel-1-display-0-0156.m4s id=channel-1-display
2026-05-20T16:01:21.001-0500 info     [SegmentedAssetWriterDelegate] Appending channel-1-display-0-0156.m4s: CMTime(seconds:272056.00166666665 timescale:600 value:163233601 flags:valid) id=channel-1-display
2026-05-20T16:01:22.999-0500 debug    [SegmentedAssetWriterDelegate] Did output segment data: 5064365, segmentType:separable, segmentReport:AVAssetSegmentTrackReport(earliestPresentationTimeStamp:CMTime(seconds:272058.01 timescale:600 value:163234806 flags:valid) duration:CMTime(seconds:2.0 timescale:600 value:1200 flags:valid) firstVideoSampleInformation:(presentationTimeStamp:CMTime(seconds:272058.01 timescale:600 value:163234806 flags:valid, hasBeenRounded) offset:1912 length:886471 isSyncSample:true)) id=channel-1-display
2026-05-20T16:01:22.999-0500 debug    [SegmentedAssetWriterDelegate] Writing segment data: file:///Users/brian/Library/Application%20Support/Screen%20Studio/Screen%20Studio%20Recordings/Built-in%20Retina%20Display%202026-05-20%2015:56:09/channel-1-display-0-0157.m4s id=channel-1-display
2026-05-20T16:01:23.002-0500 info     [SegmentedAssetWriterDelegate] Appending channel-1-display-0-0157.m4s: CMTime(seconds:272058.01 timescale:600 value:163234806 flags:valid) id=channel-1-display
2026-05-20T16:01:25.022-0500 debug    [SegmentedAssetWriterDelegate] Did output segment data: 5547548, segmentType:separable, segmentReport:AVAssetSegmentTrackReport(earliestPresentationTimeStamp:CMTime(seconds:272060.01 timescale:600 value:163236006 flags:valid) duration:CMTime(seconds:1.9916666666666667 timescale:600 value:1195 flags:valid) firstVideoSampleInformation:(presentationTimeStamp:CMTime(seconds:272060.01 timescale:600 value:163236006 flags:valid, hasBeenRounded) offset:2028 length:889117 isSyncSample:true)) id=channel-1-display
2026-05-20T16:01:25.022-0500 debug    [SegmentedAssetWriterDelegate] Writing segment data: file:///Users/brian/Library/Application%20Support/Screen%20Studio/Screen%20Studio%20Recordings/Built-in%20Retina%20Display%202026-05-20%2015:56:09/channel-1-display-0-0158.m4s id=channel-1-display
2026-05-20T16:01:25.025-0500 info     [SegmentedAssetWriterDelegate] Appending channel-1-display-0-0158.m4s: CMTime(seconds:272060.01 timescale:600 value:163236006 flags:valid) id=channel-1-display
2026-05-20T16:01:25.053-0500 debug    [StreamCoordinator: channel-1-display] SCFrameStatus summary for last 5 seconds id=channel-1-display summary=[("complete", 384), ("idle", 100)] total=484
2026-05-20T16:01:26.997-0500 debug    [SegmentedAssetWriterDelegate] Did output segment data: 4976792, segmentType:separable, segmentReport:AVAssetSegmentTrackReport(earliestPresentationTimeStamp:CMTime(seconds:272062.00166666665 timescale:600 value:163237201 flags:valid) duration:CMTime(seconds:2.0 timescale:600 value:1200 flags:valid) firstVideoSampleInformation:(presentationTimeStamp:CMTime(seconds:272062.00166666665 timescale:600 value:163237201 flags:valid, hasBeenRounded) offset:1912 length:869225 isSyncSample:true)) id=channel-1-display
2026-05-20T16:01:26.997-0500 debug    [SegmentedAssetWriterDelegate] Writing segment data: file:///Users/brian/Library/Application%20Support/Screen%20Studio/Screen%20Studio%20Recordings/Built-in%20Retina%20Display%202026-05-20%2015:56:09/channel-1-display-0-0159.m4s id=channel-1-display
2026-05-20T16:01:26.999-0500 info     [SegmentedAssetWriterDelegate] Appending channel-1-display-0-0159.m4s: CMTime(seconds:272062.00166666665 timescale:600 value:163237201 flags:valid) id=channel-1-display
2026-05-20T16:01:29.001-0500 debug    [SegmentedAssetWriterDelegate] Did output segment data: 5126235, segmentType:separable, segmentReport:AVAssetSegmentTrackReport(earliestPresentationTimeStamp:CMTime(seconds:272064.00166666665 timescale:600 value:163238401 flags:valid) duration:CMTime(seconds:2.0 timescale:600 value:1200 flags:valid) firstVideoSampleInformation:(presentationTimeStamp:CMTime(seconds:272064.00166666665 timescale:600 value:163238401 flags:valid, hasBeenRounded) offset:1972 length:885874 isSyncSample:true)) id=channel-1-display
2026-05-20T16:01:29.001-0500 debug    [SegmentedAssetWriterDelegate] Writing segment data: file:///Users/brian/Library/Application%20Support/Screen%20Studio/Screen%20Studio%20Recordings/Built-in%20Retina%20Display%202026-05-20%2015:56:09/channel-1-display-0-0160.m4s id=channel-1-display
2026-05-20T16:01:29.005-0500 info     [SegmentedAssetWriterDelegate] Appending channel-1-display-0-0160.m4s: CMTime(seconds:272064.00166666665 timescale:600 value:163238401 flags:valid) id=channel-1-display
2026-05-20T16:01:30.053-0500 debug    [StreamCoordinator: channel-1-display] SCFrameStatus summary for last 5 seconds id=channel-1-display summary=[("complete", 357), ("idle", 118)] total=475
2026-05-20T16:01:31.007-0500 debug    [SegmentedAssetWriterDelegate] Did output segment data: 5677745, segmentType:separable, segmentReport:AVAssetSegmentTrackReport(earliestPresentationTimeStamp:CMTime(seconds:272066.00166666665 timescale:600 value:163239601 flags:valid) duration:CMTime(seconds:2.0 timescale:600 value:1200 flags:valid) firstVideoSampleInformation:(presentationTimeStamp:CMTime(seconds:272066.00166666665 timescale:600 value:163239601 flags:valid, hasBeenRounded) offset:2092 length:889060 isSyncSample:true)) id=channel-1-display
2026-05-20T16:01:31.007-0500 debug    [SegmentedAssetWriterDelegate] Writing segment data: file:///Users/brian/Library/Application%20Support/Screen%20Studio/Screen%20Studio%20Recordings/Built-in%20Retina%20Display%202026-05-20%2015:56:09/channel-1-display-0-0161.m4s id=channel-1-display
2026-05-20T16:01:31.011-0500 info     [SegmentedAssetWriterDelegate] Appending channel-1-display-0-0161.m4s: CMTime(seconds:272066.00166666665 timescale:600 value:163239601 flags:valid) id=channel-1-display
2026-05-20T16:01:33.004-0500 debug    [SegmentedAssetWriterDelegate] Did output segment data: 4752975, segmentType:separable, segmentReport:AVAssetSegmentTrackReport(earliestPresentationTimeStamp:CMTime(seconds:272068.00166666665 timescale:600 value:163240801 flags:valid) duration:CMTime(seconds:2.0083333333333333 timescale:600 value:1205 flags:valid) firstVideoSampleInformation:(presentationTimeStamp:CMTime(seconds:272068.00166666665 timescale:600 value:163240801 flags:valid, hasBeenRounded) offset:1916 length:884882 isSyncSample:true)) id=channel-1-display
2026-05-20T16:01:33.004-0500 debug    [SegmentedAssetWriterDelegate] Writing segment data: file:///Users/brian/Library/Application%20Support/Screen%20Studio/Screen%20Studio%20Recordings/Built-in%20Retina%20Display%202026-05-20%2015:56:09/channel-1-display-0-0162.m4s id=channel-1-display
2026-05-20T16:01:33.006-0500 info     [SegmentedAssetWriterDelegate] Appending channel-1-display-0-0162.m4s: CMTime(seconds:272068.00166666665 timescale:600 value:163240801 flags:valid) id=channel-1-display
2026-05-20T16:01:34.995-0500 debug    [SegmentedAssetWriterDelegate] Did output segment data: 4989850, segmentType:separable, segmentReport:AVAssetSegmentTrackReport(earliestPresentationTimeStamp:CMTime(seconds:272070.01 timescale:600 value:163242006 flags:valid) duration:CMTime(seconds:1.9916666666666667 timescale:600 value:1195 flags:valid) firstVideoSampleInformation:(presentationTimeStamp:CMTime(seconds:272070.01 timescale:600 value:163242006 flags:valid, hasBeenRounded) offset:1924 length:884764 isSyncSample:true)) id=channel-1-display
2026-05-20T16:01:34.995-0500 debug    [SegmentedAssetWriterDelegate] Writing segment data: file:///Users/brian/Library/Application%20Support/Screen%20Studio/Screen%20Studio%20Recordings/Built-in%20Retina%20Display%202026-05-20%2015:56:09/channel-1-display-0-0163.m4s id=channel-1-display
2026-05-20T16:01:34.997-0500 info     [SegmentedAssetWriterDelegate] Appending channel-1-display-0-0163.m4s: CMTime(seconds:272070.01 timescale:600 value:163242006 flags:valid) id=channel-1-display
2026-05-20T16:01:35.053-0500 debug    [StreamCoordinator: channel-1-display] SCFrameStatus summary for last 5 seconds id=channel-1-display summary=[("complete", 375), ("idle", 108)] total=483
2026-05-20T16:01:37.011-0500 debug    [SegmentedAssetWriterDelegate] Did output segment data: 5531132, segmentType:separable, segmentReport:AVAssetSegmentTrackReport(earliestPresentationTimeStamp:CMTime(seconds:272072.00166666665 timescale:600 value:163243201 flags:valid) duration:CMTime(seconds:2.0 timescale:600 value:1200 flags:valid) firstVideoSampleInformation:(presentationTimeStamp:CMTime(seconds:272072.00166666665 timescale:600 value:163243201 flags:valid, hasBeenRounded) offset:2052 length:885825 isSyncSample:true)) id=channel-1-display
2026-05-20T16:01:37.011-0500 debug    [SegmentedAssetWriterDelegate] Writing segment data: file:///Users/brian/Library/Application%20Support/Screen%20Studio/Screen%20Studio%20Recordings/Built-in%20Retina%20Display%202026-05-20%2015:56:09/channel-1-display-0-0164.m4s id=channel-1-display
2026-05-20T16:01:37.014-0500 info     [SegmentedAssetWriterDelegate] Appending channel-1-display-0-0164.m4s: CMTime(seconds:272072.00166666665 timescale:600 value:163243201 flags:valid) id=channel-1-display
2026-05-20T16:01:39.006-0500 debug    [SegmentedAssetWriterDelegate] Did output segment data: 5925653, segmentType:separable, segmentReport:AVAssetSegmentTrackReport(earliestPresentationTimeStamp:CMTime(seconds:272074.00166666665 timescale:600 value:163244401 flags:valid) duration:CMTime(seconds:2.0 timescale:600 value:1200 flags:valid) firstVideoSampleInformation:(presentationTimeStamp:CMTime(seconds:272074.00166666665 timescale:600 value:163244401 flags:valid, hasBeenRounded) offset:2280 length:869173 isSyncSample:true)) id=channel-1-display
2026-05-20T16:01:39.006-0500 debug    [SegmentedAssetWriterDelegate] Writing segment data: file:///Users/brian/Library/Application%20Support/Screen%20Studio/Screen%20Studio%20Recordings/Built-in%20Retina%20Display%202026-05-20%2015:56:09/channel-1-display-0-0165.m4s id=channel-1-display
2026-05-20T16:01:39.009-0500 info     [SegmentedAssetWriterDelegate] Appending channel-1-display-0-0165.m4s: CMTime(seconds:272074.00166666665 timescale:600 value:163244401 flags:valid) id=channel-1-display
2026-05-20T16:01:40.053-0500 debug    [StreamCoordinator: channel-1-display] SCFrameStatus summary for last 5 seconds id=channel-1-display summary=[("complete", 402), ("idle", 90)] total=492
2026-05-20T16:01:40.992-0500 debug    [SegmentedAssetWriterDelegate] Did output segment data: 4961219, segmentType:separable, segmentReport:AVAssetSegmentTrackReport(earliestPresentationTimeStamp:CMTime(seconds:272076.00166666665 timescale:600 value:163245601 flags:valid) duration:CMTime(seconds:2.0 timescale:600 value:1200 flags:valid) firstVideoSampleInformation:(presentationTimeStamp:CMTime(seconds:272076.00166666665 timescale:600 value:163245601 flags:valid, hasBeenRounded) offset:1996 length:886917 isSyncSample:true)) id=channel-1-display
2026-05-20T16:01:40.992-0500 debug    [SegmentedAssetWriterDelegate] Writing segment data: file:///Users/brian/Library/Application%20Support/Screen%20Studio/Screen%20Studio%20Recordings/Built-in%20Retina%20Display%202026-05-20%2015:56:09/channel-1-display-0-0166.m4s id=channel-1-display
2026-05-20T16:01:40.997-0500 info     [SegmentedAssetWriterDelegate] Appending channel-1-display-0-0166.m4s: CMTime(seconds:272076.00166666665 timescale:600 value:163245601 flags:valid) id=channel-1-display
2026-05-20T16:01:43.043-0500 debug    [SegmentedAssetWriterDelegate] Did output segment data: 5919243, segmentType:separable, segmentReport:AVAssetSegmentTrackReport(earliestPresentationTimeStamp:CMTime(seconds:272078.00166666665 timescale:600 value:163246801 flags:valid) duration:CMTime(seconds:2.0083333333333333 timescale:600 value:1205 flags:valid) firstVideoSampleInformation:(presentationTimeStamp:CMTime(seconds:272078.00166666665 timescale:600 value:163246801 flags:valid, hasBeenRounded) offset:2056 length:886777 isSyncSample:true)) id=channel-1-display
2026-05-20T16:01:43.043-0500 debug    [SegmentedAssetWriterDelegate] Writing segment data: file:///Users/brian/Library/Application%20Support/Screen%20Studio/Screen%20Studio%20Recordings/Built-in%20Retina%20Display%202026-05-20%2015:56:09/channel-1-display-0-0167.m4s id=channel-1-display
2026-05-20T16:01:43.047-0500 info     [SegmentedAssetWriterDelegate] Appending channel-1-display-0-0167.m4s: CMTime(seconds:272078.00166666665 timescale:600 value:163246801 flags:valid) id=channel-1-display
2026-05-20T16:01:44.997-0500 debug    [SegmentedAssetWriterDelegate] Did output segment data: 4664179, segmentType:separable, segmentReport:AVAssetSegmentTrackReport(earliestPresentationTimeStamp:CMTime(seconds:272080.01 timescale:600 value:163248006 flags:valid) duration:CMTime(seconds:1.9916666666666667 timescale:600 value:1195 flags:valid) firstVideoSampleInformation:(presentationTimeStamp:CMTime(seconds:272080.01 timescale:600 value:163248006 flags:valid, hasBeenRounded) offset:1856 length:885205 isSyncSample:true)) id=channel-1-display
2026-05-20T16:01:44.997-0500 debug    [SegmentedAssetWriterDelegate] Writing segment data: file:///Users/brian/Library/Application%20Support/Screen%20Studio/Screen%20Studio%20Recordings/Built-in%20Retina%20Display%202026-05-20%2015:56:09/channel-1-display-0-0168.m4s id=channel-1-display
2026-05-20T16:01:45.000-0500 info     [SegmentedAssetWriterDelegate] Appending channel-1-display-0-0168.m4s: CMTime(seconds:272080.01 timescale:600 value:163248006 flags:valid) id=channel-1-display
2026-05-20T16:01:45.053-0500 debug    [StreamCoordinator: channel-1-display] SCFrameStatus summary for last 5 seconds id=channel-1-display summary=[("complete", 363), ("idle", 110)] total=473
2026-05-20T16:01:46.997-0500 debug    [SegmentedAssetWriterDelegate] Did output segment data: 4624262, segmentType:separable, segmentReport:AVAssetSegmentTrackReport(earliestPresentationTimeStamp:CMTime(seconds:272082.00166666665 timescale:600 value:163249201 flags:valid) duration:CMTime(seconds:2.0 timescale:600 value:1200 flags:valid) firstVideoSampleInformation:(presentationTimeStamp:CMTime(seconds:272082.00166666665 timescale:600 value:163249201 flags:valid, hasBeenRounded) offset:1916 length:885192 isSyncSample:true)) id=channel-1-display
2026-05-20T16:01:46.997-0500 debug    [SegmentedAssetWriterDelegate] Writing segment data: file:///Users/brian/Library/Application%20Support/Screen%20Studio/Screen%20Studio%20Recordings/Built-in%20Retina%20Display%202026-05-20%2015:56:09/channel-1-display-0-0169.m4s id=channel-1-display
2026-05-20T16:01:47.003-0500 info     [SegmentedAssetWriterDelegate] Appending channel-1-display-0-0169.m4s: CMTime(seconds:272082.00166666665 timescale:600 value:163249201 flags:valid) id=channel-1-display
2026-05-20T16:01:48.996-0500 debug    [SegmentedAssetWriterDelegate] Did output segment data: 4660202, segmentType:separable, segmentReport:AVAssetSegmentTrackReport(earliestPresentationTimeStamp:CMTime(seconds:272084.00166666665 timescale:600 value:163250401 flags:valid) duration:CMTime(seconds:2.0 timescale:600 value:1200 flags:valid) firstVideoSampleInformation:(presentationTimeStamp:CMTime(seconds:272084.00166666665 timescale:600 value:163250401 flags:valid, hasBeenRounded) offset:1952 length:885350 isSyncSample:true)) id=channel-1-display
2026-05-20T16:01:48.997-0500 debug    [SegmentedAssetWriterDelegate] Writing segment data: file:///Users/brian/Library/Application%20Support/Screen%20Studio/Screen%20Studio%20Recordings/Built-in%20Retina%20Display%202026-05-20%2015:56:09/channel-1-display-0-0170.m4s id=channel-1-display
2026-05-20T16:01:48.999-0500 info     [SegmentedAssetWriterDelegate] Appending channel-1-display-0-0170.m4s: CMTime(seconds:272084.00166666665 timescale:600 value:163250401 flags:valid) id=channel-1-display
2026-05-20T16:01:50.053-0500 debug    [StreamCoordinator: channel-1-display] SCFrameStatus summary for last 5 seconds id=channel-1-display summary=[("complete", 375), ("idle", 108)] total=483
2026-05-20T16:01:51.012-0500 debug    [SegmentedAssetWriterDelegate] Did output segment data: 5539901, segmentType:separable, segmentReport:AVAssetSegmentTrackReport(earliestPresentationTimeStamp:CMTime(seconds:272086.00166666665 timescale:600 value:163251601 flags:valid) duration:CMTime(seconds:2.0083333333333333 timescale:600 value:1205 flags:valid) firstVideoSampleInformation:(presentationTimeStamp:CMTime(seconds:272086.00166666665 timescale:600 value:163251601 flags:valid, hasBeenRounded) offset:2116 length:885400 isSyncSample:true)) id=channel-1-display
2026-05-20T16:01:51.012-0500 debug    [SegmentedAssetWriterDelegate] Writing segment data: file:///Users/brian/Library/Application%20Support/Screen%20Studio/Screen%20Studio%20Recordings/Built-in%20Retina%20Display%202026-05-20%2015:56:09/channel-1-display-0-0171.m4s id=channel-1-display
2026-05-20T16:01:51.017-0500 info     [SegmentedAssetWriterDelegate] Appending channel-1-display-0-0171.m4s: CMTime(seconds:272086.00166666665 timescale:600 value:163251601 flags:valid) id=channel-1-display
2026-05-20T16:01:53.044-0500 debug    [SegmentedAssetWriterDelegate] Did output segment data: 4915656, segmentType:separable, segmentReport:AVAssetSegmentTrackReport(earliestPresentationTimeStamp:CMTime(seconds:272088.01 timescale:600 value:163252806 flags:valid) duration:CMTime(seconds:2.0083333333333333 timescale:600 value:1205 flags:valid) firstVideoSampleInformation:(presentationTimeStamp:CMTime(seconds:272088.01 timescale:600 value:163252806 flags:valid, hasBeenRounded) offset:1972 length:885574 isSyncSample:true)) id=channel-1-display
2026-05-20T16:01:53.044-0500 debug    [SegmentedAssetWriterDelegate] Writing segment data: file:///Users/brian/Library/Application%20Support/Screen%20Studio/Screen%20Studio%20Recordings/Built-in%20Retina%20Display%202026-05-20%2015:56:09/channel-1-display-0-0172.m4s id=channel-1-display
2026-05-20T16:01:53.047-0500 info     [SegmentedAssetWriterDelegate] Appending channel-1-display-0-0172.m4s: CMTime(seconds:272088.01 timescale:600 value:163252806 flags:valid) id=channel-1-display
2026-05-20T16:01:55.051-0500 debug    [SegmentedAssetWriterDelegate] Did output segment data: 882914, segmentType:separable, segmentReport:AVAssetSegmentTrackReport(earliestPresentationTimeStamp:CMTime(seconds:272090.0183333333 timescale:600 value:163254011 flags:valid) duration:CMTime(seconds:1.9916666666666667 timescale:600 value:1195 flags:valid) firstVideoSampleInformation:(presentationTimeStamp:CMTime(seconds:272090.0183333333 timescale:600 value:163254011 flags:valid, hasBeenRounded) offset:180 length:869464 isSyncSample:true)) id=channel-1-display
2026-05-20T16:01:55.051-0500 debug    [SegmentedAssetWriterDelegate] Writing segment data: file:///Users/brian/Library/Application%20Support/Screen%20Studio/Screen%20Studio%20Recordings/Built-in%20Retina%20Display%202026-05-20%2015:56:09/channel-1-display-0-0173.m4s id=channel-1-display
2026-05-20T16:01:55.053-0500 debug    [StreamCoordinator: channel-1-display] SCFrameStatus summary for last 5 seconds id=channel-1-display summary=[("complete", 224), ("idle", 191)] total=415
2026-05-20T16:01:55.056-0500 info     [SegmentedAssetWriterDelegate] Appending channel-1-display-0-0173.m4s: CMTime(seconds:272090.0183333333 timescale:600 value:163254011 flags:valid) id=channel-1-display
2026-05-20T16:01:57.030-0500 debug    [SegmentedAssetWriterDelegate] Did output segment data: 883060, segmentType:separable, segmentReport:AVAssetSegmentTrackReport(earliestPresentationTimeStamp:CMTime(seconds:272092.01 timescale:600 value:163255206 flags:valid) duration:CMTime(seconds:2.0 timescale:600 value:1200 flags:valid) firstVideoSampleInformation:(presentationTimeStamp:CMTime(seconds:272092.01 timescale:600 value:163255206 flags:valid, hasBeenRounded) offset:180 length:869637 isSyncSample:true)) id=channel-1-display
2026-05-20T16:01:57.030-0500 debug    [SegmentedAssetWriterDelegate] Writing segment data: file:///Users/brian/Library/Application%20Support/Screen%20Studio/Screen%20Studio%20Recordings/Built-in%20Retina%20Display%202026-05-20%2015:56:09/channel-1-display-0-0174.m4s id=channel-1-display
2026-05-20T16:01:57.033-0500 info     [SegmentedAssetWriterDelegate] Appending channel-1-display-0-0174.m4s: CMTime(seconds:272092.01 timescale:600 value:163255206 flags:valid) id=channel-1-display
2026-05-20T16:01:57.411-0500 debug    [InputRecorderSession: 0] Generated mouse move events for cursor changes between mouse moves. after=272094.437025833 generatedEvents=1 id=channel-0-input session=0 untilIncluding=272094.444995083
2026-05-20T16:01:57.563-0500 debug    [InputRecorderSession: 0] Generated mouse move events for cursor changes between mouse moves. after=272094.589842291 generatedEvents=1 id=channel-0-input session=0 untilIncluding=272094.597881458
2026-05-20T16:01:57.607-0500 debug    [InputRecorderSession: 0] Generated mouse move events for cursor changes between mouse moves. after=272094.62206325 generatedEvents=1 id=channel-0-input session=0 untilIncluding=272094.630128958
2026-05-20T16:01:59.058-0500 debug    [SegmentedAssetWriterDelegate] Did output segment data: 3427936, segmentType:separable, segmentReport:AVAssetSegmentTrackReport(earliestPresentationTimeStamp:CMTime(seconds:272094.01 timescale:600 value:163256406 flags:valid) duration:CMTime(seconds:2.005 timescale:600 value:1203 flags:valid) firstVideoSampleInformation:(presentationTimeStamp:CMTime(seconds:272094.01 timescale:600 value:163256406 flags:valid, hasBeenRounded) offset:1056 length:869630 isSyncSample:true)) id=channel-1-display
2026-05-20T16:01:59.058-0500 debug    [SegmentedAssetWriterDelegate] Writing segment data: file:///Users/brian/Library/Application%20Support/Screen%20Studio/Screen%20Studio%20Recordings/Built-in%20Retina%20Display%202026-05-20%2015:56:09/channel-1-display-0-0175.m4s id=channel-1-display
2026-05-20T16:01:59.063-0500 info     [SegmentedAssetWriterDelegate] Appending channel-1-display-0-0175.m4s: CMTime(seconds:272094.01 timescale:600 value:163256406 flags:valid) id=channel-1-display
2026-05-20T16:02:00.054-0500 debug    [StreamCoordinator: channel-1-display] SCFrameStatus summary for last 5 seconds id=channel-1-display summary=[("complete", 141), ("idle", 241)] total=382
2026-05-20T16:02:01.022-0500 debug    [SegmentedAssetWriterDelegate] Did output segment data: 4574718, segmentType:separable, segmentReport:AVAssetSegmentTrackReport(earliestPresentationTimeStamp:CMTime(seconds:272096.015 timescale:600 value:163257609 flags:valid) duration:CMTime(seconds:1.9866666666666666 timescale:600 value:1192 flags:valid) firstVideoSampleInformation:(presentationTimeStamp:CMTime(seconds:272096.015 timescale:600 value:163257609 flags:valid, hasBeenRounded) offset:1148 length:907029 isSyncSample:true)) id=channel-1-display
2026-05-20T16:02:01.022-0500 debug    [SegmentedAssetWriterDelegate] Writing segment data: file:///Users/brian/Library/Application%20Support/Screen%20Studio/Screen%20Studio%20Recordings/Built-in%20Retina%20Display%202026-05-20%2015:56:09/channel-1-display-0-0176.m4s id=channel-1-display
2026-05-20T16:02:01.025-0500 info     [SegmentedAssetWriterDelegate] Appending channel-1-display-0-0176.m4s: CMTime(seconds:272096.015 timescale:600 value:163257609 flags:valid) id=channel-1-display
2026-05-20T16:02:03.042-0500 debug    [SegmentedAssetWriterDelegate] Did output segment data: 3477449, segmentType:separable, segmentReport:AVAssetSegmentTrackReport(earliestPresentationTimeStamp:CMTime(seconds:272098.00166666665 timescale:600 value:163258801 flags:valid) duration:CMTime(seconds:2.0083333333333333 timescale:600 value:1205 flags:valid) firstVideoSampleInformation:(presentationTimeStamp:CMTime(seconds:272098.00166666665 timescale:600 value:163258801 flags:valid, hasBeenRounded) offset:1196 length:902587 isSyncSample:true)) id=channel-1-display
2026-05-20T16:02:03.042-0500 debug    [SegmentedAssetWriterDelegate] Writing segment data: file:///Users/brian/Library/Application%20Support/Screen%20Studio/Screen%20Studio%20Recordings/Built-in%20Retina%20Display%202026-05-20%2015:56:09/channel-1-display-0-0177.m4s id=channel-1-display
2026-05-20T16:02:03.045-0500 info     [SegmentedAssetWriterDelegate] Appending channel-1-display-0-0177.m4s: CMTime(seconds:272098.00166666665 timescale:600 value:163258801 flags:valid) id=channel-1-display
2026-05-20T16:02:05.003-0500 debug    [SegmentedAssetWriterDelegate] Did output segment data: 3814550, segmentType:separable, segmentReport:AVAssetSegmentTrackReport(earliestPresentationTimeStamp:CMTime(seconds:272100.01 timescale:600 value:163260006 flags:valid) duration:CMTime(seconds:1.9916666666666667 timescale:600 value:1195 flags:valid) firstVideoSampleInformation:(presentationTimeStamp:CMTime(seconds:272100.01 timescale:600 value:163260006 flags:valid, hasBeenRounded) offset:844 length:868529 isSyncSample:true)) id=channel-1-display
2026-05-20T16:02:05.003-0500 debug    [SegmentedAssetWriterDelegate] Writing segment data: file:///Users/brian/Library/Application%20Support/Screen%20Studio/Screen%20Studio%20Recordings/Built-in%20Retina%20Display%202026-05-20%2015:56:09/channel-1-display-0-0178.m4s id=channel-1-display
2026-05-20T16:02:05.006-0500 info     [SegmentedAssetWriterDelegate] Appending channel-1-display-0-0178.m4s: CMTime(seconds:272100.01 timescale:600 value:163260006 flags:valid) id=channel-1-display
2026-05-20T16:02:05.053-0500 debug    [StreamCoordinator: channel-1-display] SCFrameStatus summary for last 5 seconds id=channel-1-display summary=[("complete", 226), ("idle", 188)] total=414
2026-05-20T16:02:07.041-0500 debug    [SegmentedAssetWriterDelegate] Did output segment data: 12424737, segmentType:separable, segmentReport:AVAssetSegmentTrackReport(earliestPresentationTimeStamp:CMTime(seconds:272102.00166666665 timescale:600 value:163261201 flags:valid) duration:CMTime(seconds:2.0 timescale:600 value:1200 flags:valid) firstVideoSampleInformation:(presentationTimeStamp:CMTime(seconds:272102.00166666665 timescale:600 value:163261201 flags:valid, hasBeenRounded) offset:2756 length:878574 isSyncSample:true)) id=channel-1-display
2026-05-20T16:02:07.041-0500 debug    [SegmentedAssetWriterDelegate] Writing segment data: file:///Users/brian/Library/Application%20Support/Screen%20Studio/Screen%20Studio%20Recordings/Built-in%20Retina%20Display%202026-05-20%2015:56:09/channel-1-display-0-0179.m4s id=channel-1-display
2026-05-20T16:02:07.046-0500 info     [SegmentedAssetWriterDelegate] Appending channel-1-display-0-0179.m4s: CMTime(seconds:272102.00166666665 timescale:600 value:163261201 flags:valid) id=channel-1-display
2026-05-20T16:02:09.051-0500 debug    [SegmentedAssetWriterDelegate] Did output segment data: 9145455, segmentType:separable, segmentReport:AVAssetSegmentTrackReport(earliestPresentationTimeStamp:CMTime(seconds:272104.00166666665 timescale:600 value:163262401 flags:valid) duration:CMTime(seconds:2.0 timescale:600 value:1200 flags:valid) firstVideoSampleInformation:(presentationTimeStamp:CMTime(seconds:272104.00166666665 timescale:600 value:163262401 flags:valid, hasBeenRounded) offset:2604 length:422537 isSyncSample:true)) id=channel-1-display
2026-05-20T16:02:09.051-0500 debug    [SegmentedAssetWriterDelegate] Writing segment data: file:///Users/brian/Library/Application%20Support/Screen%20Studio/Screen%20Studio%20Recordings/Built-in%20Retina%20Display%202026-05-20%2015:56:09/channel-1-display-0-0180.m4s id=channel-1-display
2026-05-20T16:02:09.054-0500 info     [SegmentedAssetWriterDelegate] Appending channel-1-display-0-0180.m4s: CMTime(seconds:272104.00166666665 timescale:600 value:163262401 flags:valid) id=channel-1-display
2026-05-20T16:02:10.056-0500 debug    [StreamCoordinator: channel-1-display] SCFrameStatus summary for last 5 seconds id=channel-1-display summary=[("complete", 450), ("idle", 55)] total=505
2026-05-20T16:02:11.039-0500 debug    [SegmentedAssetWriterDelegate] Did output segment data: 7637542, segmentType:separable, segmentReport:AVAssetSegmentTrackReport(earliestPresentationTimeStamp:CMTime(seconds:272106.00166666665 timescale:600 value:163263601 flags:valid) duration:CMTime(seconds:2.0 timescale:600 value:1200 flags:valid) firstVideoSampleInformation:(presentationTimeStamp:CMTime(seconds:272106.00166666665 timescale:600 value:163263601 flags:valid, hasBeenRounded) offset:2096 length:237037 isSyncSample:true)) id=channel-1-display
2026-05-20T16:02:11.039-0500 debug    [SegmentedAssetWriterDelegate] Writing segment data: file:///Users/brian/Library/Application%20Support/Screen%20Studio/Screen%20Studio%20Recordings/Built-in%20Retina%20Display%202026-05-20%2015:56:09/channel-1-display-0-0181.m4s id=channel-1-display
2026-05-20T16:02:11.042-0500 info     [SegmentedAssetWriterDelegate] Appending channel-1-display-0-0181.m4s: CMTime(seconds:272106.00166666665 timescale:600 value:163263601 flags:valid) id=channel-1-display
2026-05-20T16:02:12.561-0500 debug    [InputRecorderSession: 0] Generated mouse move events for cursor changes between mouse moves. after=272109.581956083 generatedEvents=1 id=channel-0-input session=0 untilIncluding=272109.590067958
2026-05-20T16:02:12.597-0500 debug    [InputRecorderSession: 0] Generated mouse move events for cursor changes between mouse moves. after=272109.614151083 generatedEvents=1 id=channel-0-input session=0 untilIncluding=272109.622364458
2026-05-20T16:02:12.622-0500 debug    [InputRecorderSession: 0] Generated mouse move events for cursor changes between mouse moves. after=272109.647389916 generatedEvents=1 id=channel-0-input session=0 untilIncluding=272109.655402708
2026-05-20T16:02:12.630-0500 debug    [InputRecorderSession: 0] Generated mouse move events for cursor changes between mouse moves. after=272109.655402708 generatedEvents=1 id=channel-0-input session=0 untilIncluding=272109.664488666
2026-05-20T16:02:12.654-0500 debug    [InputRecorderSession: 0] Generated mouse move events for cursor changes between mouse moves. after=272109.67216975 generatedEvents=1 id=channel-0-input session=0 untilIncluding=272109.6808175
2026-05-20T16:02:12.680-0500 debug    [InputRecorderSession: 0] Generated mouse move events for cursor changes between mouse moves. after=272109.705919083 generatedEvents=1 id=channel-0-input session=0 untilIncluding=272109.713391083
2026-05-20T16:02:12.760-0500 debug    [InputRecorderSession: 0] Generated mouse move events for cursor changes between mouse moves. after=272109.775136375 generatedEvents=1 id=channel-0-input session=0 untilIncluding=272109.78327125
2026-05-20T16:02:13.055-0500 debug    [SegmentedAssetWriterDelegate] Did output segment data: 10172813, segmentType:separable, segmentReport:AVAssetSegmentTrackReport(earliestPresentationTimeStamp:CMTime(seconds:272108.00166666665 timescale:600 value:163264801 flags:valid) duration:CMTime(seconds:2.0083333333333333 timescale:600 value:1205 flags:valid) firstVideoSampleInformation:(presentationTimeStamp:CMTime(seconds:272108.00166666665 timescale:600 value:163264801 flags:valid, hasBeenRounded) offset:2696 length:160488 isSyncSample:true)) id=channel-1-display
2026-05-20T16:02:13.055-0500 debug    [SegmentedAssetWriterDelegate] Writing segment data: file:///Users/brian/Library/Application%20Support/Screen%20Studio/Screen%20Studio%20Recordings/Built-in%20Retina%20Display%202026-05-20%2015:56:09/channel-1-display-0-0182.m4s id=channel-1-display
2026-05-20T16:02:13.060-0500 info     [SegmentedAssetWriterDelegate] Appending channel-1-display-0-0182.m4s: CMTime(seconds:272108.00166666665 timescale:600 value:163264801 flags:valid) id=channel-1-display
2026-05-20T16:02:15.045-0500 debug    [SegmentedAssetWriterDelegate] Did output segment data: 2171142, segmentType:separable, segmentReport:AVAssetSegmentTrackReport(earliestPresentationTimeStamp:CMTime(seconds:272110.01 timescale:600 value:163266006 flags:valid) duration:CMTime(seconds:1.9966666666666666 timescale:600 value:1198 flags:valid) firstVideoSampleInformation:(presentationTimeStamp:CMTime(seconds:272110.01 timescale:600 value:163266006 flags:valid, hasBeenRounded) offset:856 length:868234 isSyncSample:true)) id=channel-1-display
2026-05-20T16:02:15.045-0500 debug    [SegmentedAssetWriterDelegate] Writing segment data: file:///Users/brian/Library/Application%20Support/Screen%20Studio/Screen%20Studio%20Recordings/Built-in%20Retina%20Display%202026-05-20%2015:56:09/channel-1-display-0-0183.m4s id=channel-1-display
2026-05-20T16:02:15.047-0500 info     [SegmentedAssetWriterDelegate] Appending channel-1-display-0-0183.m4s: CMTime(seconds:272110.01 timescale:600 value:163266006 flags:valid) id=channel-1-display
2026-05-20T16:02:15.054-0500 debug    [StreamCoordinator: channel-1-display] SCFrameStatus summary for last 5 seconds id=channel-1-display summary=[("complete", 353), ("idle", 108)] total=461
2026-05-20T16:02:17.056-0500 debug    [SegmentedAssetWriterDelegate] Did output segment data: 901576, segmentType:separable, segmentReport:AVAssetSegmentTrackReport(earliestPresentationTimeStamp:CMTime(seconds:272112.00666666665 timescale:600 value:163267204 flags:valid) duration:CMTime(seconds:2.0483333333333333 timescale:600 value:1229 flags:valid) firstVideoSampleInformation:(presentationTimeStamp:CMTime(seconds:272112.00666666665 timescale:600 value:163267204 flags:valid, hasBeenRounded) offset:352 length:857716 isSyncSample:true)) id=channel-1-display
2026-05-20T16:02:17.056-0500 debug    [SegmentedAssetWriterDelegate] Writing segment data: file:///Users/brian/Library/Application%20Support/Screen%20Studio/Screen%20Studio%20Recordings/Built-in%20Retina%20Display%202026-05-20%2015:56:09/channel-1-display-0-0184.m4s id=channel-1-display
2026-05-20T16:02:17.058-0500 info     [SegmentedAssetWriterDelegate] Appending channel-1-display-0-0184.m4s: CMTime(seconds:272112.00666666665 timescale:600 value:163267204 flags:valid) id=channel-1-display
2026-05-20T16:02:19.453-0500 debug    [SegmentedAssetWriterDelegate] Did output segment data: 746576, segmentType:separable, segmentReport:AVAssetSegmentTrackReport(earliestPresentationTimeStamp:CMTime(seconds:272114.055 timescale:600 value:163268433 flags:valid) duration:CMTime(seconds:2.0 timescale:600 value:1200 flags:valid) firstVideoSampleInformation:(presentationTimeStamp:CMTime(seconds:272114.055 timescale:600 value:163268433 flags:valid, hasBeenRounded) offset:352 length:706474 isSyncSample:true)) id=channel-1-display
2026-05-20T16:02:19.453-0500 debug    [SegmentedAssetWriterDelegate] Writing segment data: file:///Users/brian/Library/Application%20Support/Screen%20Studio/Screen%20Studio%20Recordings/Built-in%20Retina%20Display%202026-05-20%2015:56:09/channel-1-display-0-0185.m4s id=channel-1-display
2026-05-20T16:02:19.457-0500 info     [SegmentedAssetWriterDelegate] Appending channel-1-display-0-0185.m4s: CMTime(seconds:272114.055 timescale:600 value:163268433 flags:valid) id=channel-1-display
2026-05-20T16:02:20.053-0500 debug    [StreamCoordinator: channel-1-display] SCFrameStatus summary for last 5 seconds id=channel-1-display summary=[("complete", 52), ("idle", 292)] total=344
2026-05-20T16:02:21.044-0500 debug    [SegmentedAssetWriterDelegate] Did output segment data: 729504, segmentType:separable, segmentReport:AVAssetSegmentTrackReport(earliestPresentationTimeStamp:CMTime(seconds:272116.055 timescale:600 value:163269633 flags:valid) duration:CMTime(seconds:1.9916666666666667 timescale:600 value:1195 flags:valid) firstVideoSampleInformation:(presentationTimeStamp:CMTime(seconds:272116.055 timescale:600 value:163269633 flags:valid, hasBeenRounded) offset:256 length:708902 isSyncSample:true)) id=channel-1-display
2026-05-20T16:02:21.044-0500 debug    [SegmentedAssetWriterDelegate] Writing segment data: file:///Users/brian/Library/Application%20Support/Screen%20Studio/Screen%20Studio%20Recordings/Built-in%20Retina%20Display%202026-05-20%2015:56:09/channel-1-display-0-0186.m4s id=channel-1-display
2026-05-20T16:02:21.046-0500 info     [SegmentedAssetWriterDelegate] Appending channel-1-display-0-0186.m4s: CMTime(seconds:272116.055 timescale:600 value:163269633 flags:valid) id=channel-1-display
2026-05-20T16:02:21.166-0500 debug    [InputRecorderSession: 0] Generated mouse move events for cursor changes between mouse moves. after=272118.181780375 generatedEvents=1 id=channel-0-input session=0 untilIncluding=272118.189911541
2026-05-20T16:02:21.225-0500 debug    [InputRecorderSession: 0] Generated mouse move events for cursor changes between mouse moves. after=272118.238147583 generatedEvents=1 id=channel-0-input session=0 untilIncluding=272118.246248166
2026-05-20T16:02:21.264-0500 debug    [InputRecorderSession: 0] Generated mouse move events for cursor changes between mouse moves. after=272118.278683041 generatedEvents=1 id=channel-0-input session=0 untilIncluding=272118.286640291
2026-05-20T16:02:21.426-0500 debug    [InputRecorderSession: 0] Generated mouse move events for cursor changes between mouse moves. after=272118.439399916 generatedEvents=1 id=channel-0-input session=0 untilIncluding=272118.447559333
2026-05-20T16:02:23.115-0500 debug    [InputRecorderSession: 0] Generated mouse move events for cursor changes between mouse moves. after=272120.129403708 generatedEvents=1 id=channel-0-input session=0 untilIncluding=272120.137423208
2026-05-20T16:02:23.115-0500 debug    [InputRecorderSession: 0] Generated mouse move events for cursor changes between mouse moves. after=272120.137423208 generatedEvents=1 id=channel-0-input session=0 untilIncluding=272120.146394666
2026-05-20T16:02:23.136-0500 debug    [SegmentedAssetWriterDelegate] Did output segment data: 2206294, segmentType:separable, segmentReport:AVAssetSegmentTrackReport(earliestPresentationTimeStamp:CMTime(seconds:272118.0466666667 timescale:600 value:163270828 flags:valid) duration:CMTime(seconds:2.013333333333333 timescale:600 value:1208 flags:valid) firstVideoSampleInformation:(presentationTimeStamp:CMTime(seconds:272118.0466666667 timescale:600 value:163270828 flags:valid, hasBeenRounded) offset:788 length:708825 isSyncSample:true)) id=channel-1-display
2026-05-20T16:02:23.136-0500 debug    [SegmentedAssetWriterDelegate] Writing segment data: file:///Users/brian/Library/Application%20Support/Screen%20Studio/Screen%20Studio%20Recordings/Built-in%20Retina%20Display%202026-05-20%2015:56:09/channel-1-display-0-0187.m4s id=channel-1-display
2026-05-20T16:02:23.138-0500 info     [SegmentedAssetWriterDelegate] Appending channel-1-display-0-0187.m4s: CMTime(seconds:272118.0466666667 timescale:600 value:163270828 flags:valid) id=channel-1-display
2026-05-20T16:02:25.053-0500 debug    [StreamCoordinator: channel-1-display] SCFrameStatus summary for last 5 seconds id=channel-1-display summary=[("complete", 188), ("idle", 209)] total=397
2026-05-20T16:02:26.020-0500 debug    [DisplayRecorder: channel-1-display] Repeating capture frame. after=1.0018835 id=channel-1-display
2026-05-20T16:02:26.050-0500 debug    [SegmentedAssetWriterDelegate] Did output segment data: 3415052, segmentType:separable, segmentReport:AVAssetSegmentTrackReport(earliestPresentationTimeStamp:CMTime(seconds:272120.06 timescale:600 value:163272036 flags:valid) duration:CMTime(seconds:1.9916666666666667 timescale:600 value:1195 flags:valid) firstVideoSampleInformation:(presentationTimeStamp:CMTime(seconds:272120.06 timescale:600 value:163272036 flags:valid, hasBeenRounded) offset:1120 length:715188 isSyncSample:true)) id=channel-1-display
2026-05-20T16:02:26.050-0500 debug    [SegmentedAssetWriterDelegate] Writing segment data: file:///Users/brian/Library/Application%20Support/Screen%20Studio/Screen%20Studio%20Recordings/Built-in%20Retina%20Display%202026-05-20%2015:56:09/channel-1-display-0-0188.m4s id=channel-1-display
2026-05-20T16:02:26.055-0500 info     [SegmentedAssetWriterDelegate] Appending channel-1-display-0-0188.m4s: CMTime(seconds:272120.06 timescale:600 value:163272036 flags:valid) id=channel-1-display
2026-05-20T16:02:26.445-0500 debug    [InputRecorderSession: 0] Generated mouse move events for cursor changes between mouse moves. after=272120.555721041 generatedEvents=1 id=channel-0-input session=0 untilIncluding=272123.477214291
2026-05-20T16:02:26.690-0500 debug    [InputRecorderSession: 0] Generated mouse move events for cursor changes between mouse moves. after=272123.710372333 generatedEvents=1 id=channel-0-input session=0 untilIncluding=272123.718579916
2026-05-20T16:02:26.757-0500 debug    [InputRecorderSession: 0] Generated mouse move events for cursor changes between mouse moves. after=272123.766767625 generatedEvents=1 id=channel-0-input session=0 untilIncluding=272123.774891333
2026-05-20T16:02:27.365-0500 debug    [SegmentedAssetWriterDelegate] Did output segment data: 805557, segmentType:separable, segmentReport:AVAssetSegmentTrackReport(earliestPresentationTimeStamp:CMTime(seconds:272122.0516666667 timescale:600 value:163273231 flags:valid) duration:CMTime(seconds:2.0 timescale:600 value:1200 flags:valid) firstVideoSampleInformation:(presentationTimeStamp:CMTime(seconds:272122.0516666667 timescale:600 value:163273231 flags:valid, hasBeenRounded) offset:176 length:792868 isSyncSample:true)) id=channel-1-display
2026-05-20T16:02:27.365-0500 debug    [SegmentedAssetWriterDelegate] Writing segment data: file:///Users/brian/Library/Application%20Support/Screen%20Studio/Screen%20Studio%20Recordings/Built-in%20Retina%20Display%202026-05-20%2015:56:09/channel-1-display-0-0189.m4s id=channel-1-display
2026-05-20T16:02:27.367-0500 info     [SegmentedAssetWriterDelegate] Appending channel-1-display-0-0189.m4s: CMTime(seconds:272122.0516666667 timescale:600 value:163273231 flags:valid) id=channel-1-display
2026-05-20T16:02:29.034-0500 debug    [SegmentedAssetWriterDelegate] Did output segment data: 7200305, segmentType:separable, segmentReport:AVAssetSegmentTrackReport(earliestPresentationTimeStamp:CMTime(seconds:272124.0516666667 timescale:600 value:163274431 flags:valid) duration:CMTime(seconds:1.9666666666666666 timescale:600 value:1180 flags:valid) firstVideoSampleInformation:(presentationTimeStamp:CMTime(seconds:272124.0516666667 timescale:600 value:163274431 flags:valid, hasBeenRounded) offset:1748 length:792869 isSyncSample:true)) id=channel-1-display
2026-05-20T16:02:29.034-0500 debug    [SegmentedAssetWriterDelegate] Writing segment data: file:///Users/brian/Library/Application%20Support/Screen%20Studio/Screen%20Studio%20Recordings/Built-in%20Retina%20Display%202026-05-20%2015:56:09/channel-1-display-0-0190.m4s id=channel-1-display
2026-05-20T16:02:29.042-0500 info     [SegmentedAssetWriterDelegate] Appending channel-1-display-0-0190.m4s: CMTime(seconds:272124.0516666667 timescale:600 value:163274431 flags:valid) id=channel-1-display
2026-05-20T16:02:30.054-0500 debug    [StreamCoordinator: channel-1-display] SCFrameStatus summary for last 5 seconds id=channel-1-display summary=[("complete", 233), ("idle", 185)] total=418
2026-05-20T16:02:31.038-0500 debug    [SegmentedAssetWriterDelegate] Did output segment data: 10863335, segmentType:separable, segmentReport:AVAssetSegmentTrackReport(earliestPresentationTimeStamp:CMTime(seconds:272126.0183333333 timescale:600 value:163275611 flags:valid) duration:CMTime(seconds:1.9833333333333334 timescale:600 value:1190 flags:valid) firstVideoSampleInformation:(presentationTimeStamp:CMTime(seconds:272126.0183333333 timescale:600 value:163275611 flags:valid, hasBeenRounded) offset:2264 length:872093 isSyncSample:true)) id=channel-1-display
2026-05-20T16:02:31.038-0500 debug    [SegmentedAssetWriterDelegate] Writing segment data: file:///Users/brian/Library/Application%20Support/Screen%20Studio/Screen%20Studio%20Recordings/Built-in%20Retina%20Display%202026-05-20%2015:56:09/channel-1-display-0-0191.m4s id=channel-1-display
2026-05-20T16:02:31.041-0500 info     [SegmentedAssetWriterDelegate] Appending channel-1-display-0-0191.m4s: CMTime(seconds:272126.0183333333 timescale:600 value:163275611 flags:valid) id=channel-1-display
2026-05-20T16:02:33.817-0500 debug    [InputRecorderSession: 0] Generated mouse move events for cursor changes between mouse moves. after=272124.31430075 generatedEvents=4 id=channel-0-input session=0 untilIncluding=272130.8490275
2026-05-20T16:02:34.046-0500 debug    [SegmentedAssetWriterDelegate] Did output segment data: 6787468, segmentType:separable, segmentReport:AVAssetSegmentTrackReport(earliestPresentationTimeStamp:CMTime(seconds:272128.00166666665 timescale:600 value:163276801 flags:valid) duration:CMTime(seconds:2.066666666666667 timescale:600 value:1240 flags:valid) firstVideoSampleInformation:(presentationTimeStamp:CMTime(seconds:272128.00166666665 timescale:600 value:163276801 flags:valid, hasBeenRounded) offset:2048 length:178404 isSyncSample:true)) id=channel-1-display
2026-05-20T16:02:34.046-0500 debug    [SegmentedAssetWriterDelegate] Writing segment data: file:///Users/brian/Library/Application%20Support/Screen%20Studio/Screen%20Studio%20Recordings/Built-in%20Retina%20Display%202026-05-20%2015:56:09/channel-1-display-0-0192.m4s id=channel-1-display
2026-05-20T16:02:34.053-0500 info     [SegmentedAssetWriterDelegate] Appending channel-1-display-0-0192.m4s: CMTime(seconds:272128.00166666665 timescale:600 value:163276801 flags:valid) id=channel-1-display
2026-05-20T16:02:34.147-0500 debug    [InputRecorderSession: 0] Generated mouse move events for cursor changes between mouse moves. after=272131.1708305 generatedEvents=1 id=channel-0-input session=0 untilIncluding=272131.181022208
2026-05-20T16:02:34.276-0500 debug    [InputRecorderSession: 0] Generated mouse move events for cursor changes between mouse moves. after=272131.283506041 generatedEvents=1 id=channel-0-input session=0 untilIncluding=272131.293399625
2026-05-20T16:02:35.027-0500 debug    [SegmentedAssetWriterDelegate] Did output segment data: 807792, segmentType:separable, segmentReport:AVAssetSegmentTrackReport(earliestPresentationTimeStamp:CMTime(seconds:272130.06833333336 timescale:600 value:163278041 flags:valid) duration:CMTime(seconds:1.9333333333333333 timescale:600 value:1160 flags:valid) firstVideoSampleInformation:(presentationTimeStamp:CMTime(seconds:272130.06833333336 timescale:600 value:163278041 flags:valid, hasBeenRounded) offset:200 length:792869 isSyncSample:true)) id=channel-1-display
2026-05-20T16:02:35.027-0500 debug    [SegmentedAssetWriterDelegate] Writing segment data: file:///Users/brian/Library/Application%20Support/Screen%20Studio/Screen%20Studio%20Recordings/Built-in%20Retina%20Display%202026-05-20%2015:56:09/channel-1-display-0-0193.m4s id=channel-1-display
2026-05-20T16:02:35.029-0500 info     [SegmentedAssetWriterDelegate] Appending channel-1-display-0-0193.m4s: CMTime(seconds:272130.06833333336 timescale:600 value:163278041 flags:valid) id=channel-1-display
2026-05-20T16:02:35.053-0500 debug    [StreamCoordinator: channel-1-display] SCFrameStatus summary for last 5 seconds id=channel-1-display summary=[("complete", 224), ("idle", 193)] total=417
2026-05-20T16:02:35.066-0500 debug    [InputRecorderSession: 0] Generated mouse move events for cursor changes between mouse moves. after=272132.080112333 generatedEvents=1 id=channel-0-input session=0 untilIncluding=272132.088860625
2026-05-20T16:02:36.965-0500 debug    [InputRecorderSession: 0] Generated mouse move events for cursor changes between mouse moves. after=272132.136474875 generatedEvents=2 id=channel-0-input session=0 untilIncluding=272133.996042458
2026-05-20T16:02:36.996-0500 debug    [InputRecorderSession: 0] Generated mouse move events for cursor changes between mouse moves. after=272134.019882625 generatedEvents=1 id=channel-0-input session=0 untilIncluding=272134.030263
2026-05-20T16:02:37.047-0500 debug    [SegmentedAssetWriterDelegate] Did output segment data: 1821971, segmentType:separable, segmentReport:AVAssetSegmentTrackReport(earliestPresentationTimeStamp:CMTime(seconds:272132.00166666665 timescale:600 value:163279201 flags:valid) duration:CMTime(seconds:2.033333333333333 timescale:600 value:1220 flags:valid) firstVideoSampleInformation:(presentationTimeStamp:CMTime(seconds:272132.00166666665 timescale:600 value:163279201 flags:valid, hasBeenRounded) offset:428 length:792868 isSyncSample:true)) id=channel-1-display
2026-05-20T16:02:37.047-0500 debug    [SegmentedAssetWriterDelegate] Writing segment data: file:///Users/brian/Library/Application%20Support/Screen%20Studio/Screen%20Studio%20Recordings/Built-in%20Retina%20Display%202026-05-20%2015:56:09/channel-1-display-0-0194.m4s id=channel-1-display
2026-05-20T16:02:37.049-0500 info     [SegmentedAssetWriterDelegate] Appending channel-1-display-0-0194.m4s: CMTime(seconds:272132.00166666665 timescale:600 value:163279201 flags:valid) id=channel-1-display
2026-05-20T16:02:38.435-0500 debug    [InputRecorderSession: 0] Generated mouse move events for cursor changes between mouse moves. after=272135.460486125 generatedEvents=1 id=channel-0-input session=0 untilIncluding=272135.468505916
2026-05-20T16:02:38.477-0500 debug    [InputRecorderSession: 0] Generated mouse move events for cursor changes between mouse moves. after=272135.501154875 generatedEvents=1 id=channel-0-input session=0 untilIncluding=272135.509065458
2026-05-20T16:02:38.884-0500 debug    [InputRecorderSession: 0] Generated mouse move events for cursor changes between mouse moves. after=272135.911317666 generatedEvents=1 id=channel-0-input session=0 untilIncluding=272135.919247708
2026-05-20T16:02:39.302-0500 debug    [SegmentedAssetWriterDelegate] Did output segment data: 3567103, segmentType:separable, segmentReport:AVAssetSegmentTrackReport(earliestPresentationTimeStamp:CMTime(seconds:272134.035 timescale:600 value:163280421 flags:valid) duration:CMTime(seconds:2.02 timescale:600 value:1212 flags:valid) firstVideoSampleInformation:(presentationTimeStamp:CMTime(seconds:272134.035 timescale:600 value:163280421 flags:valid, hasBeenRounded) offset:1072 length:731299 isSyncSample:true)) id=channel-1-display
2026-05-20T16:02:39.302-0500 debug    [SegmentedAssetWriterDelegate] Writing segment data: file:///Users/brian/Library/Application%20Support/Screen%20Studio/Screen%20Studio%20Recordings/Built-in%20Retina%20Display%202026-05-20%2015:56:09/channel-1-display-0-0195.m4s id=channel-1-display
2026-05-20T16:02:39.307-0500 info     [SegmentedAssetWriterDelegate] Appending channel-1-display-0-0195.m4s: CMTime(seconds:272134.035 timescale:600 value:163280421 flags:valid) id=channel-1-display
2026-05-20T16:02:40.053-0500 debug    [StreamCoordinator: channel-1-display] SCFrameStatus summary for last 5 seconds id=channel-1-display summary=[("complete", 148), ("idle", 265)] total=413
2026-05-20T16:02:41.076-0500 debug    [SegmentedAssetWriterDelegate] Did output segment data: 2028935, segmentType:separable, segmentReport:AVAssetSegmentTrackReport(earliestPresentationTimeStamp:CMTime(seconds:272136.055 timescale:600 value:163281633 flags:valid) duration:CMTime(seconds:2.0 timescale:600 value:1200 flags:valid) firstVideoSampleInformation:(presentationTimeStamp:CMTime(seconds:272136.055 timescale:600 value:163281633 flags:valid, hasBeenRounded) offset:732 length:714268 isSyncSample:true)) id=channel-1-display
2026-05-20T16:02:41.076-0500 debug    [SegmentedAssetWriterDelegate] Writing segment data: file:///Users/brian/Library/Application%20Support/Screen%20Studio/Screen%20Studio%20Recordings/Built-in%20Retina%20Display%202026-05-20%2015:56:09/channel-1-display-0-0196.m4s id=channel-1-display
2026-05-20T16:02:41.081-0500 info     [SegmentedAssetWriterDelegate] Appending channel-1-display-0-0196.m4s: CMTime(seconds:272136.055 timescale:600 value:163281633 flags:valid) id=channel-1-display
2026-05-20T16:02:41.235-0500 debug    [InputRecorderSession: 0] Generated mouse move events for cursor changes between mouse moves. after=272136.185102833 generatedEvents=1 id=channel-0-input session=0 untilIncluding=272138.269455708
2026-05-20T16:02:41.421-0500 debug    [InputRecorderSession: 0] Generated mouse move events for cursor changes between mouse moves. after=272138.438512375 generatedEvents=1 id=channel-0-input session=0 untilIncluding=272138.446500208
2026-05-20T16:02:43.027-0500 debug    [SegmentedAssetWriterDelegate] Did output segment data: 3073685, segmentType:separable, segmentReport:AVAssetSegmentTrackReport(earliestPresentationTimeStamp:CMTime(seconds:272138.055 timescale:600 value:163282833 flags:valid) duration:CMTime(seconds:1.95 timescale:600 value:1170 flags:valid) firstVideoSampleInformation:(presentationTimeStamp:CMTime(seconds:272138.055 timescale:600 value:163282833 flags:valid, hasBeenRounded) offset:1016 length:713439 isSyncSample:true)) id=channel-1-display
2026-05-20T16:02:43.027-0500 debug    [SegmentedAssetWriterDelegate] Writing segment data: file:///Users/brian/Library/Application%20Support/Screen%20Studio/Screen%20Studio%20Recordings/Built-in%20Retina%20Display%202026-05-20%2015:56:09/channel-1-display-0-0197.m4s id=channel-1-display
2026-05-20T16:02:43.032-0500 info     [SegmentedAssetWriterDelegate] Appending channel-1-display-0-0197.m4s: CMTime(seconds:272138.055 timescale:600 value:163282833 flags:valid) id=channel-1-display
2026-05-20T16:02:43.400-0500 debug    [InputRecorderSession: 0] Generated mouse move events for cursor changes between mouse moves. after=272138.817013625 generatedEvents=1 id=channel-0-input session=0 untilIncluding=272140.434536208
2026-05-20T16:02:43.675-0500 debug    [InputRecorderSession: 0] Generated mouse move events for cursor changes between mouse moves. after=272140.6923455 generatedEvents=1 id=channel-0-input session=0 untilIncluding=272140.701258541
2026-05-20T16:02:45.049-0500 debug    [SegmentedAssetWriterDelegate] Did output segment data: 2765309, segmentType:separable, segmentReport:AVAssetSegmentTrackReport(earliestPresentationTimeStamp:CMTime(seconds:272140.005 timescale:600 value:163284003 flags:valid) duration:CMTime(seconds:2.0 timescale:600 value:1200 flags:valid) firstVideoSampleInformation:(presentationTimeStamp:CMTime(seconds:272140.005 timescale:600 value:163284003 flags:valid, hasBeenRounded) offset:1004 length:718975 isSyncSample:true)) id=channel-1-display
2026-05-20T16:02:45.049-0500 debug    [SegmentedAssetWriterDelegate] Writing segment data: file:///Users/brian/Library/Application%20Support/Screen%20Studio/Screen%20Studio%20Recordings/Built-in%20Retina%20Display%202026-05-20%2015:56:09/channel-1-display-0-0198.m4s id=channel-1-display
2026-05-20T16:02:45.051-0500 info     [SegmentedAssetWriterDelegate] Appending channel-1-display-0-0198.m4s: CMTime(seconds:272140.005 timescale:600 value:163284003 flags:valid) id=channel-1-display
2026-05-20T16:02:45.053-0500 debug    [StreamCoordinator: channel-1-display] SCFrameStatus summary for last 5 seconds id=channel-1-display summary=[("complete", 221), ("idle", 201)] total=422
2026-05-20T16:02:45.791-0500 debug    [InputRecorderSession: 0] Generated mouse move events for cursor changes between mouse moves. after=272140.724381416 generatedEvents=1 id=channel-0-input session=0 untilIncluding=272142.825091791
2026-05-20T16:02:45.815-0500 debug    [InputRecorderSession: 0] Generated mouse move events for cursor changes between mouse moves. after=272142.833148083 generatedEvents=1 id=channel-0-input session=0 untilIncluding=272142.841163916
2026-05-20T16:02:45.991-0500 debug    [InputRecorderSession: 0] Generated mouse move events for cursor changes between mouse moves. after=272143.018194208 generatedEvents=1 id=channel-0-input session=0 untilIncluding=272143.026245125
2026-05-20T16:02:46.997-0500 debug    [SegmentedAssetWriterDelegate] Did output segment data: 2954906, segmentType:separable, segmentReport:AVAssetSegmentTrackReport(earliestPresentationTimeStamp:CMTime(seconds:272142.005 timescale:600 value:163285203 flags:valid) duration:CMTime(seconds:1.9966666666666666 timescale:600 value:1198 flags:valid) firstVideoSampleInformation:(presentationTimeStamp:CMTime(seconds:272142.005 timescale:600 value:163285203 flags:valid, hasBeenRounded) offset:1048 length:739664 isSyncSample:true)) id=channel-1-display
2026-05-20T16:02:46.997-0500 debug    [SegmentedAssetWriterDelegate] Writing segment data: file:///Users/brian/Library/Application%20Support/Screen%20Studio/Screen%20Studio%20Recordings/Built-in%20Retina%20Display%202026-05-20%2015:56:09/channel-1-display-0-0199.m4s id=channel-1-display
2026-05-20T16:02:47.000-0500 info     [SegmentedAssetWriterDelegate] Appending channel-1-display-0-0199.m4s: CMTime(seconds:272142.005 timescale:600 value:163285203 flags:valid) id=channel-1-display
2026-05-20T16:02:49.008-0500 debug    [SegmentedAssetWriterDelegate] Did output segment data: 4256179, segmentType:separable, segmentReport:AVAssetSegmentTrackReport(earliestPresentationTimeStamp:CMTime(seconds:272144.00166666665 timescale:600 value:163286401 flags:valid) duration:CMTime(seconds:2.0 timescale:600 value:1200 flags:valid) firstVideoSampleInformation:(presentationTimeStamp:CMTime(seconds:272144.00166666665 timescale:600 value:163286401 flags:valid, hasBeenRounded) offset:1280 length:741630 isSyncSample:true)) id=channel-1-display
2026-05-20T16:02:49.008-0500 debug    [SegmentedAssetWriterDelegate] Writing segment data: file:///Users/brian/Library/Application%20Support/Screen%20Studio/Screen%20Studio%20Recordings/Built-in%20Retina%20Display%202026-05-20%2015:56:09/channel-1-display-0-0200.m4s id=channel-1-display
2026-05-20T16:02:49.012-0500 info     [SegmentedAssetWriterDelegate] Appending channel-1-display-0-0200.m4s: CMTime(seconds:272144.00166666665 timescale:600 value:163286401 flags:valid) id=channel-1-display
2026-05-20T16:02:50.055-0500 debug    [StreamCoordinator: channel-1-display] SCFrameStatus summary for last 5 seconds id=channel-1-display summary=[("complete", 261), ("idle", 182)] total=443
2026-05-20T16:02:51.049-0500 debug    [SegmentedAssetWriterDelegate] Did output segment data: 9002819, segmentType:separable, segmentReport:AVAssetSegmentTrackReport(earliestPresentationTimeStamp:CMTime(seconds:272146.00166666665 timescale:600 value:163287601 flags:valid) duration:CMTime(seconds:2.0 timescale:600 value:1200 flags:valid) firstVideoSampleInformation:(presentationTimeStamp:CMTime(seconds:272146.00166666665 timescale:600 value:163287601 flags:valid, hasBeenRounded) offset:2640 length:780417 isSyncSample:true)) id=channel-1-display
2026-05-20T16:02:51.049-0500 debug    [SegmentedAssetWriterDelegate] Writing segment data: file:///Users/brian/Library/Application%20Support/Screen%20Studio/Screen%20Studio%20Recordings/Built-in%20Retina%20Display%202026-05-20%2015:56:09/channel-1-display-0-0201.m4s id=channel-1-display
2026-05-20T16:02:51.054-0500 info     [SegmentedAssetWriterDelegate] Appending channel-1-display-0-0201.m4s: CMTime(seconds:272146.00166666665 timescale:600 value:163287601 flags:valid) id=channel-1-display
2026-05-20T16:02:51.871-0500 debug    [InputRecorderSession: 0] Generated mouse move events for cursor changes between mouse moves. after=272143.171445916 generatedEvents=3 id=channel-0-input session=0 untilIncluding=272148.901842125
2026-05-20T16:02:51.935-0500 debug    [InputRecorderSession: 0] Generated mouse move events for cursor changes between mouse moves. after=272148.9501475 generatedEvents=1 id=channel-0-input session=0 untilIncluding=272148.958138083
2026-05-20T16:02:51.935-0500 debug    [InputRecorderSession: 0] Generated mouse move events for cursor changes between mouse moves. after=272148.958138083 generatedEvents=1 id=channel-0-input session=0 untilIncluding=272148.966222791
2026-05-20T16:02:51.995-0500 debug    [InputRecorderSession: 0] Generated mouse move events for cursor changes between mouse moves. after=272149.022548041 generatedEvents=1 id=channel-0-input session=0 untilIncluding=272149.030583416
2026-05-20T16:02:52.038-0500 debug    [InputRecorderSession: 0] Generated mouse move events for cursor changes between mouse moves. after=272149.054887791 generatedEvents=1 id=channel-0-input session=0 untilIncluding=272149.062768458
2026-05-20T16:02:52.865-0500 debug    [InputRecorderSession: 0] Generated mouse move events for cursor changes between mouse moves. after=272149.892056625 generatedEvents=1 id=channel-0-input session=0 untilIncluding=272149.899958625
2026-05-20T16:02:53.044-0500 debug    [SegmentedAssetWriterDelegate] Did output segment data: 3825348, segmentType:separable, segmentReport:AVAssetSegmentTrackReport(earliestPresentationTimeStamp:CMTime(seconds:272148.00166666665 timescale:600 value:163288801 flags:valid) duration:CMTime(seconds:2.045 timescale:600 value:1227 flags:valid) firstVideoSampleInformation:(presentationTimeStamp:CMTime(seconds:272148.00166666665 timescale:600 value:163288801 flags:valid, hasBeenRounded) offset:1284 length:744759 isSyncSample:true)) id=channel-1-display
2026-05-20T16:02:53.044-0500 debug    [SegmentedAssetWriterDelegate] Writing segment data: file:///Users/brian/Library/Application%20Support/Screen%20Studio/Screen%20Studio%20Recordings/Built-in%20Retina%20Display%202026-05-20%2015:56:09/channel-1-display-0-0202.m4s id=channel-1-display
2026-05-20T16:02:53.049-0500 info     [SegmentedAssetWriterDelegate] Appending channel-1-display-0-0202.m4s: CMTime(seconds:272148.00166666665 timescale:600 value:163288801 flags:valid) id=channel-1-display
2026-05-20T16:02:55.053-0500 debug    [StreamCoordinator: channel-1-display] SCFrameStatus summary for last 5 seconds id=channel-1-display summary=[("complete", 225), ("idle", 196)] total=421
2026-05-20T16:02:55.316-0500 debug    [SegmentedAssetWriterDelegate] Did output segment data: 1431930, segmentType:separable, segmentReport:AVAssetSegmentTrackReport(earliestPresentationTimeStamp:CMTime(seconds:272150.0466666667 timescale:600 value:163290028 flags:valid) duration:CMTime(seconds:2.0166666666666666 timescale:600 value:1210 flags:valid) firstVideoSampleInformation:(presentationTimeStamp:CMTime(seconds:272150.0466666667 timescale:600 value:163290028 flags:valid, hasBeenRounded) offset:468 length:727521 isSyncSample:true)) id=channel-1-display
2026-05-20T16:02:55.316-0500 debug    [SegmentedAssetWriterDelegate] Writing segment data: file:///Users/brian/Library/Application%20Support/Screen%20Studio/Screen%20Studio%20Recordings/Built-in%20Retina%20Display%202026-05-20%2015:56:09/channel-1-display-0-0203.m4s id=channel-1-display
2026-05-20T16:02:55.320-0500 info     [SegmentedAssetWriterDelegate] Appending channel-1-display-0-0203.m4s: CMTime(seconds:272150.0466666667 timescale:600 value:163290028 flags:valid) id=channel-1-display
2026-05-20T16:02:57.055-0500 debug    [SegmentedAssetWriterDelegate] Did output segment data: 738857, segmentType:separable, segmentReport:AVAssetSegmentTrackReport(earliestPresentationTimeStamp:CMTime(seconds:272152.06333333335 timescale:600 value:163291238 flags:valid) duration:CMTime(seconds:1.975 timescale:600 value:1185 flags:valid) firstVideoSampleInformation:(presentationTimeStamp:CMTime(seconds:272152.06333333335 timescale:600 value:163291238 flags:valid, hasBeenRounded) offset:244 length:629556 isSyncSample:true)) id=channel-1-display
2026-05-20T16:02:57.055-0500 debug    [SegmentedAssetWriterDelegate] Writing segment data: file:///Users/brian/Library/Application%20Support/Screen%20Studio/Screen%20Studio%20Recordings/Built-in%20Retina%20Display%202026-05-20%2015:56:09/channel-1-display-0-0204.m4s id=channel-1-display
2026-05-20T16:02:57.058-0500 info     [SegmentedAssetWriterDelegate] Appending channel-1-display-0-0204.m4s: CMTime(seconds:272152.06333333335 timescale:600 value:163291238 flags:valid) id=channel-1-display
2026-05-20T16:02:57.701-0500 debug    [InputRecorderSession: 0] Generated mouse move events for cursor changes between mouse moves. after=272149.956123833 generatedEvents=2 id=channel-0-input session=0 untilIncluding=272154.732203958
2026-05-20T16:02:57.880-0500 debug    [InputRecorderSession: 0] Generated mouse move events for cursor changes between mouse moves. after=272154.907786125 generatedEvents=1 id=channel-0-input session=0 untilIncluding=272154.914927375
2026-05-20T16:02:58.068-0500 debug    [InputRecorderSession: 0] Generated mouse move events for cursor changes between mouse moves. after=272155.092195791 generatedEvents=1 id=channel-0-input session=0 untilIncluding=272155.100285791
2026-05-20T16:02:58.095-0500 debug    [InputRecorderSession: 0] Generated mouse move events for cursor changes between mouse moves. after=272155.116353916 generatedEvents=1 id=channel-0-input session=0 untilIncluding=272155.124367625
2026-05-20T16:02:59.090-0500 debug    [SegmentedAssetWriterDelegate] Did output segment data: 2117622, segmentType:separable, segmentReport:AVAssetSegmentTrackReport(earliestPresentationTimeStamp:CMTime(seconds:272154.03833333333 timescale:600 value:163292423 flags:valid) duration:CMTime(seconds:2.0216666666666665 timescale:600 value:1213 flags:valid) firstVideoSampleInformation:(presentationTimeStamp:CMTime(seconds:272154.03833333333 timescale:600 value:163292423 flags:valid, hasBeenRounded) offset:420 length:778903 isSyncSample:true)) id=channel-1-display
2026-05-20T16:02:59.090-0500 debug    [SegmentedAssetWriterDelegate] Writing segment data: file:///Users/brian/Library/Application%20Support/Screen%20Studio/Screen%20Studio%20Recordings/Built-in%20Retina%20Display%202026-05-20%2015:56:09/channel-1-display-0-0205.m4s id=channel-1-display
2026-05-20T16:02:59.096-0500 info     [SegmentedAssetWriterDelegate] Appending channel-1-display-0-0205.m4s: CMTime(seconds:272154.03833333333 timescale:600 value:163292423 flags:valid) id=channel-1-display
2026-05-20T16:03:00.055-0500 debug    [StreamCoordinator: channel-1-display] SCFrameStatus summary for last 5 seconds id=channel-1-display summary=[("complete", 125), ("idle", 258)] total=383
2026-05-20T16:03:01.037-0500 debug    [SegmentedAssetWriterDelegate] Did output segment data: 7336965, segmentType:separable, segmentReport:AVAssetSegmentTrackReport(earliestPresentationTimeStamp:CMTime(seconds:272156.06 timescale:600 value:163293636 flags:valid) duration:CMTime(seconds:1.9416666666666667 timescale:600 value:1165 flags:valid) firstVideoSampleInformation:(presentationTimeStamp:CMTime(seconds:272156.06 timescale:600 value:163293636 flags:valid, hasBeenRounded) offset:1684 length:791936 isSyncSample:true)) id=channel-1-display
2026-05-20T16:03:01.037-0500 debug    [SegmentedAssetWriterDelegate] Writing segment data: file:///Users/brian/Library/Application%20Support/Screen%20Studio/Screen%20Studio%20Recordings/Built-in%20Retina%20Display%202026-05-20%2015:56:09/channel-1-display-0-0206.m4s id=channel-1-display
2026-05-20T16:03:01.042-0500 info     [SegmentedAssetWriterDelegate] Appending channel-1-display-0-0206.m4s: CMTime(seconds:272156.06 timescale:600 value:163293636 flags:valid) id=channel-1-display
2026-05-20T16:03:01.992-0500 debug    [InputRecorderSession: 0] Generated mouse move events for cursor changes between mouse moves. after=272159.011484083 generatedEvents=1 id=channel-0-input session=0 untilIncluding=272159.019594166
2026-05-20T16:03:02.092-0500 debug    [InputRecorderSession: 0] Generated mouse move events for cursor changes between mouse moves. after=272159.108118666 generatedEvents=1 id=channel-0-input session=0 untilIncluding=272159.116156541
2026-05-20T16:03:02.750-0500 debug    [InputRecorderSession: 0] Generated mouse move events for cursor changes between mouse moves. after=272159.768286333 generatedEvents=1 id=channel-0-input session=0 untilIncluding=272159.776361166
2026-05-20T16:03:03.004-0500 debug    [SegmentedAssetWriterDelegate] Did output segment data: 3705646, segmentType:separable, segmentReport:AVAssetSegmentTrackReport(earliestPresentationTimeStamp:CMTime(seconds:272158.00166666665 timescale:600 value:163294801 flags:valid) duration:CMTime(seconds:2.0033333333333334 timescale:600 value:1202 flags:valid) firstVideoSampleInformation:(presentationTimeStamp:CMTime(seconds:272158.00166666665 timescale:600 value:163294801 flags:valid, hasBeenRounded) offset:984 length:800174 isSyncSample:true)) id=channel-1-display
2026-05-20T16:03:03.004-0500 debug    [SegmentedAssetWriterDelegate] Writing segment data: file:///Users/brian/Library/Application%20Support/Screen%20Studio/Screen%20Studio%20Recordings/Built-in%20Retina%20Display%202026-05-20%2015:56:09/channel-1-display-0-0207.m4s id=channel-1-display
2026-05-20T16:03:03.008-0500 info     [SegmentedAssetWriterDelegate] Appending channel-1-display-0-0207.m4s: CMTime(seconds:272158.00166666665 timescale:600 value:163294801 flags:valid) id=channel-1-display
2026-05-20T16:03:05.053-0500 debug    [StreamCoordinator: channel-1-display] SCFrameStatus summary for last 5 seconds id=channel-1-display summary=[("complete", 254), ("idle", 184)] total=438
2026-05-20T16:03:05.224-0500 debug    [InputRecorderSession: 0] Generated mouse move events for cursor changes between mouse moves. after=272159.86465775 generatedEvents=1 id=channel-0-input session=0 untilIncluding=272162.255707625
2026-05-20T16:03:05.242-0500 debug    [InputRecorderSession: 0] Generated mouse move events for cursor changes between mouse moves. after=272162.263597666 generatedEvents=1 id=channel-0-input session=0 untilIncluding=272162.271573375
2026-05-20T16:03:05.282-0500 debug    [SegmentedAssetWriterDelegate] Did output segment data: 3504450, segmentType:separable, segmentReport:AVAssetSegmentTrackReport(earliestPresentationTimeStamp:CMTime(seconds:272160.005 timescale:600 value:163296003 flags:valid) duration:CMTime(seconds:2.058333333333333 timescale:600 value:1235 flags:valid) firstVideoSampleInformation:(presentationTimeStamp:CMTime(seconds:272160.005 timescale:600 value:163296003 flags:valid, hasBeenRounded) offset:1436 length:785126 isSyncSample:true)) id=channel-1-display
2026-05-20T16:03:05.282-0500 debug    [SegmentedAssetWriterDelegate] Writing segment data: file:///Users/brian/Library/Application%20Support/Screen%20Studio/Screen%20Studio%20Recordings/Built-in%20Retina%20Display%202026-05-20%2015:56:09/channel-1-display-0-0208.m4s id=channel-1-display
2026-05-20T16:03:05.284-0500 info     [SegmentedAssetWriterDelegate] Appending channel-1-display-0-0208.m4s: CMTime(seconds:272160.005 timescale:600 value:163296003 flags:valid) id=channel-1-display
2026-05-20T16:03:05.333-0500 debug    [InputRecorderSession: 0] Generated mouse move events for cursor changes between mouse moves. after=272162.360119208 generatedEvents=1 id=channel-0-input session=0 untilIncluding=272162.36800925
2026-05-20T16:03:05.351-0500 debug    [InputRecorderSession: 0] Generated mouse move events for cursor changes between mouse moves. after=272162.376121375 generatedEvents=1 id=channel-0-input session=0 untilIncluding=272162.384135333
2026-05-20T16:03:07.269-0500 debug    [SegmentedAssetWriterDelegate] Did output segment data: 2530907, segmentType:separable, segmentReport:AVAssetSegmentTrackReport(earliestPresentationTimeStamp:CMTime(seconds:272162.06333333335 timescale:600 value:163297238 flags:valid) duration:CMTime(seconds:1.9916666666666667 timescale:600 value:1195 flags:valid) firstVideoSampleInformation:(presentationTimeStamp:CMTime(seconds:272162.06333333335 timescale:600 value:163297238 flags:valid, hasBeenRounded) offset:948 length:689650 isSyncSample:true)) id=channel-1-display
2026-05-20T16:03:07.269-0500 debug    [SegmentedAssetWriterDelegate] Writing segment data: file:///Users/brian/Library/Application%20Support/Screen%20Studio/Screen%20Studio%20Recordings/Built-in%20Retina%20Display%202026-05-20%2015:56:09/channel-1-display-0-0209.m4s id=channel-1-display
2026-05-20T16:03:07.273-0500 info     [SegmentedAssetWriterDelegate] Appending channel-1-display-0-0209.m4s: CMTime(seconds:272162.06333333335 timescale:600 value:163297238 flags:valid) id=channel-1-display
2026-05-20T16:03:09.005-0500 debug    [SegmentedAssetWriterDelegate] Did output segment data: 732213, segmentType:separable, segmentReport:AVAssetSegmentTrackReport(earliestPresentationTimeStamp:CMTime(seconds:272164.055 timescale:600 value:163298433 flags:valid) duration:CMTime(seconds:1.95 timescale:600 value:1170 flags:valid) firstVideoSampleInformation:(presentationTimeStamp:CMTime(seconds:272164.055 timescale:600 value:163298433 flags:valid, hasBeenRounded) offset:236 length:710110 isSyncSample:true)) id=channel-1-display
2026-05-20T16:03:09.005-0500 debug    [SegmentedAssetWriterDelegate] Writing segment data: file:///Users/brian/Library/Application%20Support/Screen%20Studio/Screen%20Studio%20Recordings/Built-in%20Retina%20Display%202026-05-20%2015:56:09/channel-1-display-0-0210.m4s id=channel-1-display
2026-05-20T16:03:09.010-0500 info     [SegmentedAssetWriterDelegate] Appending channel-1-display-0-0210.m4s: CMTime(seconds:272164.055 timescale:600 value:163298433 flags:valid) id=channel-1-display
2026-05-20T16:03:09.206-0500 debug    [InputRecorderSession: 0] Generated mouse move events for cursor changes between mouse moves. after=272166.228054875 generatedEvents=1 id=channel-0-input session=0 untilIncluding=272166.236154541
2026-05-20T16:03:09.251-0500 debug    [InputRecorderSession: 0] Generated mouse move events for cursor changes between mouse moves. after=272166.268203041 generatedEvents=1 id=channel-0-input session=0 untilIncluding=272166.27638925
2026-05-20T16:03:09.282-0500 debug    [InputRecorderSession: 0] Generated mouse move events for cursor changes between mouse moves. after=272166.309157875 generatedEvents=1 id=channel-0-input session=0 untilIncluding=272166.317350416
2026-05-20T16:03:09.302-0500 debug    [InputRecorderSession: 0] Generated mouse move events for cursor changes between mouse moves. after=272166.3245375 generatedEvents=1 id=channel-0-input session=0 untilIncluding=272166.334426125
2026-05-20T16:03:10.053-0500 debug    [StreamCoordinator: channel-1-display] SCFrameStatus summary for last 5 seconds id=channel-1-display summary=[("complete", 173), ("idle", 246)] total=419
2026-05-20T16:03:11.079-0500 debug    [SegmentedAssetWriterDelegate] Did output segment data: 3120287, segmentType:separable, segmentReport:AVAssetSegmentTrackReport(earliestPresentationTimeStamp:CMTime(seconds:272166.005 timescale:600 value:163299603 flags:valid) duration:CMTime(seconds:2.058333333333333 timescale:600 value:1235 flags:valid) firstVideoSampleInformation:(presentationTimeStamp:CMTime(seconds:272166.005 timescale:600 value:163299603 flags:valid, hasBeenRounded) offset:816 length:701197 isSyncSample:true)) id=channel-1-display
2026-05-20T16:03:11.079-0500 debug    [SegmentedAssetWriterDelegate] Writing segment data: file:///Users/brian/Library/Application%20Support/Screen%20Studio/Screen%20Studio%20Recordings/Built-in%20Retina%20Display%202026-05-20%2015:56:09/channel-1-display-0-0211.m4s id=channel-1-display
2026-05-20T16:03:11.081-0500 info     [SegmentedAssetWriterDelegate] Appending channel-1-display-0-0211.m4s: CMTime(seconds:272166.005 timescale:600 value:163299603 flags:valid) id=channel-1-display
2026-05-20T16:03:12.775-0500 debug    [InputRecorderSession: 0] Generated mouse move events for cursor changes between mouse moves. after=272169.7995455 generatedEvents=1 id=channel-0-input session=0 untilIncluding=272169.80771375
2026-05-20T16:03:12.824-0500 debug    [InputRecorderSession: 0] Generated mouse move events for cursor changes between mouse moves. after=272169.849414291 generatedEvents=1 id=channel-0-input session=0 untilIncluding=272169.855842458
2026-05-20T16:03:12.863-0500 debug    [InputRecorderSession: 0] Generated mouse move events for cursor changes between mouse moves. after=272169.888118958 generatedEvents=1 id=channel-0-input session=0 untilIncluding=272169.896048791
2026-05-20T16:03:12.906-0500 debug    [InputRecorderSession: 0] Generated mouse move events for cursor changes between mouse moves. after=272169.920322833 generatedEvents=1 id=channel-0-input session=0 untilIncluding=272169.928270541
2026-05-20T16:03:12.970-0500 debug    [InputRecorderSession: 0] Generated mouse move events for cursor changes between mouse moves. after=272169.984563 generatedEvents=1 id=channel-0-input session=0 untilIncluding=272169.992586291
2026-05-20T16:03:13.013-0500 debug    [SegmentedAssetWriterDelegate] Did output segment data: 904975, segmentType:separable, segmentReport:AVAssetSegmentTrackReport(earliestPresentationTimeStamp:CMTime(seconds:272168.06333333335 timescale:600 value:163300838 flags:valid) duration:CMTime(seconds:1.9416666666666667 timescale:600 value:1165 flags:valid) firstVideoSampleInformation:(presentationTimeStamp:CMTime(seconds:272168.06333333335 timescale:600 value:163300838 flags:valid, hasBeenRounded) offset:324 length:867370 isSyncSample:true)) id=channel-1-display
2026-05-20T16:03:13.013-0500 debug    [SegmentedAssetWriterDelegate] Writing segment data: file:///Users/brian/Library/Application%20Support/Screen%20Studio/Screen%20Studio%20Recordings/Built-in%20Retina%20Display%202026-05-20%2015:56:09/channel-1-display-0-0212.m4s id=channel-1-display
2026-05-20T16:03:13.015-0500 info     [SegmentedAssetWriterDelegate] Appending channel-1-display-0-0212.m4s: CMTime(seconds:272168.06333333335 timescale:600 value:163300838 flags:valid) id=channel-1-display
2026-05-20T16:03:13.783-0500 debug    [InputRecorderSession: 0] Generated mouse move events for cursor changes between mouse moves. after=272170.80049825 generatedEvents=1 id=channel-0-input session=0 untilIncluding=272170.80554625
2026-05-20T16:03:13.786-0500 debug    [InputRecorderSession: 0] Generated mouse move events for cursor changes between mouse moves. after=272170.813553791 generatedEvents=1 id=channel-0-input session=0 untilIncluding=272170.821606208
2026-05-20T16:03:14.210-0500 debug    [InputRecorderSession: 0] Generated mouse move events for cursor changes between mouse moves. after=272171.224236375 generatedEvents=1 id=channel-0-input session=0 untilIncluding=272171.232042208
2026-05-20T16:03:14.312-0500 debug    [InputRecorderSession: 0] Generated mouse move events for cursor changes between mouse moves. after=272171.338231666 generatedEvents=1 id=channel-0-input session=0 untilIncluding=272171.346333708
2026-05-20T16:03:14.396-0500 debug    [InputRecorderSession: 0] Generated mouse move events for cursor changes between mouse moves. after=272171.417241458 generatedEvents=1 id=channel-0-input session=0 untilIncluding=272171.425278166
2026-05-20T16:03:15.053-0500 debug    [StreamCoordinator: channel-1-display] SCFrameStatus summary for last 5 seconds id=channel-1-display summary=[("complete", 99), ("idle", 287)] total=386
2026-05-20T16:03:15.156-0500 debug    [SegmentedAssetWriterDelegate] Did output segment data: 2739672, segmentType:separable, segmentReport:AVAssetSegmentTrackReport(earliestPresentationTimeStamp:CMTime(seconds:272170.005 timescale:600 value:163302003 flags:valid) duration:CMTime(seconds:2.055 timescale:600 value:1233 flags:valid) firstVideoSampleInformation:(presentationTimeStamp:CMTime(seconds:272170.005 timescale:600 value:163302003 flags:valid, hasBeenRounded) offset:912 length:866558 isSyncSample:true)) id=channel-1-display
2026-05-20T16:03:15.156-0500 debug    [SegmentedAssetWriterDelegate] Writing segment data: file:///Users/brian/Library/Application%20Support/Screen%20Studio/Screen%20Studio%20Recordings/Built-in%20Retina%20Display%202026-05-20%2015:56:09/channel-1-display-0-0213.m4s id=channel-1-display
2026-05-20T16:03:15.161-0500 info     [SegmentedAssetWriterDelegate] Appending channel-1-display-0-0213.m4s: CMTime(seconds:272170.005 timescale:600 value:163302003 flags:valid) id=channel-1-display
2026-05-20T16:03:16.736-0500 debug    [InputRecorderSession: 0] Generated mouse move events for cursor changes between mouse moves. after=272173.751492833 generatedEvents=1 id=channel-0-input session=0 untilIncluding=272173.759606208
2026-05-20T16:03:16.758-0500 debug    [InputRecorderSession: 0] Generated mouse move events for cursor changes between mouse moves. after=272173.767650166 generatedEvents=1 id=channel-0-input session=0 untilIncluding=272173.775805541
2026-05-20T16:03:17.038-0500 debug    [SegmentedAssetWriterDelegate] Did output segment data: 1931382, segmentType:separable, segmentReport:AVAssetSegmentTrackReport(earliestPresentationTimeStamp:CMTime(seconds:272172.06 timescale:600 value:163303236 flags:valid) duration:CMTime(seconds:1.95 timescale:600 value:1170 flags:valid) firstVideoSampleInformation:(presentationTimeStamp:CMTime(seconds:272172.06 timescale:600 value:163303236 flags:valid, hasBeenRounded) offset:764 length:866012 isSyncSample:true)) id=channel-1-display
2026-05-20T16:03:17.038-0500 debug    [SegmentedAssetWriterDelegate] Writing segment data: file:///Users/brian/Library/Application%20Support/Screen%20Studio/Screen%20Studio%20Recordings/Built-in%20Retina%20Display%202026-05-20%2015:56:09/channel-1-display-0-0214.m4s id=channel-1-display
2026-05-20T16:03:17.040-0500 info     [SegmentedAssetWriterDelegate] Appending channel-1-display-0-0214.m4s: CMTime(seconds:272172.06 timescale:600 value:163303236 flags:valid) id=channel-1-display
2026-05-20T16:03:19.020-0500 debug    [SegmentedAssetWriterDelegate] Did output segment data: 1020782, segmentType:separable, segmentReport:AVAssetSegmentTrackReport(earliestPresentationTimeStamp:CMTime(seconds:272174.01 timescale:600 value:163304406 flags:valid) duration:CMTime(seconds:1.9916666666666667 timescale:600 value:1195 flags:valid) firstVideoSampleInformation:(presentationTimeStamp:CMTime(seconds:272174.01 timescale:600 value:163304406 flags:valid, hasBeenRounded) offset:360 length:876689 isSyncSample:true)) id=channel-1-display
2026-05-20T16:03:19.020-0500 debug    [SegmentedAssetWriterDelegate] Writing segment data: file:///Users/brian/Library/Application%20Support/Screen%20Studio/Screen%20Studio%20Recordings/Built-in%20Retina%20Display%202026-05-20%2015:56:09/channel-1-display-0-0215.m4s id=channel-1-display
2026-05-20T16:03:19.023-0500 info     [SegmentedAssetWriterDelegate] Appending channel-1-display-0-0215.m4s: CMTime(seconds:272174.01 timescale:600 value:163304406 flags:valid) id=channel-1-display
2026-05-20T16:03:20.053-0500 debug    [StreamCoordinator: channel-1-display] SCFrameStatus summary for last 5 seconds id=channel-1-display summary=[("complete", 118), ("idle", 255)] total=373
2026-05-20T16:03:21.332-0500 debug    [InputRecorderSession: 0] Generated mouse move events for cursor changes between mouse moves. after=272176.581610916 generatedEvents=1 id=channel-0-input session=0 untilIncluding=272178.36421275
2026-05-20T16:03:21.498-0500 debug    [InputRecorderSession: 0] Generated mouse move events for cursor changes between mouse moves. after=272178.525033083 generatedEvents=1 id=channel-0-input session=0 untilIncluding=272178.533125708
2026-05-20T16:03:21.539-0500 debug    [InputRecorderSession: 0] Generated mouse move events for cursor changes between mouse moves. after=272178.565227625 generatedEvents=1 id=channel-0-input session=0 untilIncluding=272178.573447
2026-05-20T16:03:21.546-0500 debug    [SegmentedAssetWriterDelegate] Did output segment data: 2010905, segmentType:separable, segmentReport:AVAssetSegmentTrackReport(earliestPresentationTimeStamp:CMTime(seconds:272176.00166666665 timescale:600 value:163305601 flags:valid) duration:CMTime(seconds:2.058333333333333 timescale:600 value:1235 flags:valid) firstVideoSampleInformation:(presentationTimeStamp:CMTime(seconds:272176.00166666665 timescale:600 value:163305601 flags:valid, hasBeenRounded) offset:660 length:872473 isSyncSample:true)) id=channel-1-display
2026-05-20T16:03:21.547-0500 debug    [SegmentedAssetWriterDelegate] Writing segment data: file:///Users/brian/Library/Application%20Support/Screen%20Studio/Screen%20Studio%20Recordings/Built-in%20Retina%20Display%202026-05-20%2015:56:09/channel-1-display-0-0216.m4s id=channel-1-display
2026-05-20T16:03:21.549-0500 info     [SegmentedAssetWriterDelegate] Appending channel-1-display-0-0216.m4s: CMTime(seconds:272176.00166666665 timescale:600 value:163305601 flags:valid) id=channel-1-display
2026-05-20T16:03:21.872-0500 debug    [InputRecorderSession: 0] Generated mouse move events for cursor changes between mouse moves. after=272178.895265791 generatedEvents=1 id=channel-0-input session=0 untilIncluding=272178.906149791
2026-05-20T16:03:23.002-0500 debug    [SegmentedAssetWriterDelegate] Did output segment data: 2829969, segmentType:separable, segmentReport:AVAssetSegmentTrackReport(earliestPresentationTimeStamp:CMTime(seconds:272178.06 timescale:600 value:163306836 flags:valid) duration:CMTime(seconds:1.9416666666666667 timescale:600 value:1165 flags:valid) firstVideoSampleInformation:(presentationTimeStamp:CMTime(seconds:272178.06 timescale:600 value:163306836 flags:valid, hasBeenRounded) offset:892 length:793008 isSyncSample:true)) id=channel-1-display
2026-05-20T16:03:23.002-0500 debug    [SegmentedAssetWriterDelegate] Writing segment data: file:///Users/brian/Library/Application%20Support/Screen%20Studio/Screen%20Studio%20Recordings/Built-in%20Retina%20Display%202026-05-20%2015:56:09/channel-1-display-0-0217.m4s id=channel-1-display
2026-05-20T16:03:23.005-0500 info     [SegmentedAssetWriterDelegate] Appending channel-1-display-0-0217.m4s: CMTime(seconds:272178.06 timescale:600 value:163306836 flags:valid) id=channel-1-display
2026-05-20T16:03:25.055-0500 debug    [StreamCoordinator: channel-1-display] SCFrameStatus summary for last 5 seconds id=channel-1-display summary=[("complete", 221), ("idle", 188)] total=409
2026-05-20T16:03:26.058-0500 debug    [SegmentedAssetWriterDelegate] Did output segment data: 5227831, segmentType:separable, segmentReport:AVAssetSegmentTrackReport(earliestPresentationTimeStamp:CMTime(seconds:272180.00166666665 timescale:600 value:163308001 flags:valid) duration:CMTime(seconds:2.058333333333333 timescale:600 value:1235 flags:valid) firstVideoSampleInformation:(presentationTimeStamp:CMTime(seconds:272180.00166666665 timescale:600 value:163308001 flags:valid, hasBeenRounded) offset:1772 length:781848 isSyncSample:true)) id=channel-1-display
2026-05-20T16:03:26.058-0500 debug    [SegmentedAssetWriterDelegate] Writing segment data: file:///Users/brian/Library/Application%20Support/Screen%20Studio/Screen%20Studio%20Recordings/Built-in%20Retina%20Display%202026-05-20%2015:56:09/channel-1-display-0-0218.m4s id=channel-1-display
2026-05-20T16:03:26.065-0500 info     [SegmentedAssetWriterDelegate] Appending channel-1-display-0-0218.m4s: CMTime(seconds:272180.00166666665 timescale:600 value:163308001 flags:valid) id=channel-1-display
2026-05-20T16:03:26.278-0500 debug    [InputRecorderSession: 0] Generated mouse move events for cursor changes between mouse moves. after=272179.096600583 generatedEvents=1 id=channel-0-input session=0 untilIncluding=272183.309648791
2026-05-20T16:03:26.297-0500 debug    [InputRecorderSession: 0] Generated mouse move events for cursor changes between mouse moves. after=272183.317700333 generatedEvents=1 id=channel-0-input session=0 untilIncluding=272183.325671791
2026-05-20T16:03:26.320-0500 debug    [InputRecorderSession: 0] Generated mouse move events for cursor changes between mouse moves. after=272183.333645291 generatedEvents=1 id=channel-0-input session=0 untilIncluding=272183.341825916
2026-05-20T16:03:26.361-0500 debug    [InputRecorderSession: 0] Generated mouse move events for cursor changes between mouse moves. after=272183.381779458 generatedEvents=1 id=channel-0-input session=0 untilIncluding=272183.38987075
2026-05-20T16:03:26.408-0500 debug    [InputRecorderSession: 0] Generated mouse move events for cursor changes between mouse moves. after=272183.422082458 generatedEvents=1 id=channel-0-input session=0 untilIncluding=272183.430086166
2026-05-20T16:03:26.440-0500 debug    [InputRecorderSession: 0] Generated mouse move events for cursor changes between mouse moves. after=272183.462350375 generatedEvents=1 id=channel-0-input session=0 untilIncluding=272183.474225
2026-05-20T16:03:26.479-0500 debug    [InputRecorderSession: 0] Generated mouse move events for cursor changes between mouse moves. after=272183.502585458 generatedEvents=1 id=channel-0-input session=0 untilIncluding=272183.510693416
2026-05-20T16:03:26.529-0500 debug    [InputRecorderSession: 0] Generated mouse move events for cursor changes between mouse moves. after=272183.550941875 generatedEvents=1 id=channel-0-input session=0 untilIncluding=272183.55911425
2026-05-20T16:03:26.557-0500 debug    [InputRecorderSession: 0] Generated mouse move events for cursor changes between mouse moves. after=272183.583764083 generatedEvents=1 id=channel-0-input session=0 untilIncluding=272183.591681541
2026-05-20T16:03:26.634-0500 debug    [InputRecorderSession: 0] Generated mouse move events for cursor changes between mouse moves. after=272183.64756975 generatedEvents=1 id=channel-0-input session=0 untilIncluding=272183.65616025
2026-05-20T16:03:26.712-0500 debug    [InputRecorderSession: 0] Generated mouse move events for cursor changes between mouse moves. after=272183.727903333 generatedEvents=1 id=channel-0-input session=0 untilIncluding=272183.7360795
2026-05-20T16:03:26.751-0500 debug    [InputRecorderSession: 0] Generated mouse move events for cursor changes between mouse moves. after=272183.768205041 generatedEvents=1 id=channel-0-input session=0 untilIncluding=272183.7764155
2026-05-20T16:03:26.872-0500 debug    [InputRecorderSession: 0] Generated mouse move events for cursor changes between mouse moves. after=272183.896934333 generatedEvents=1 id=channel-0-input session=0 untilIncluding=272183.905007791
2026-05-20T16:03:27.010-0500 debug    [SegmentedAssetWriterDelegate] Did output segment data: 1797883, segmentType:separable, segmentReport:AVAssetSegmentTrackReport(earliestPresentationTimeStamp:CMTime(seconds:272182.06 timescale:600 value:163309236 flags:valid) duration:CMTime(seconds:1.9533333333333334 timescale:600 value:1172 flags:valid) firstVideoSampleInformation:(presentationTimeStamp:CMTime(seconds:272182.06 timescale:600 value:163309236 flags:valid, hasBeenRounded) offset:596 length:891678 isSyncSample:true)) id=channel-1-display
2026-05-20T16:03:27.010-0500 debug    [SegmentedAssetWriterDelegate] Writing segment data: file:///Users/brian/Library/Application%20Support/Screen%20Studio/Screen%20Studio%20Recordings/Built-in%20Retina%20Display%202026-05-20%2015:56:09/channel-1-display-0-0219.m4s id=channel-1-display
2026-05-20T16:03:27.012-0500 info     [SegmentedAssetWriterDelegate] Appending channel-1-display-0-0219.m4s: CMTime(seconds:272182.06 timescale:600 value:163309236 flags:valid) id=channel-1-display
2026-05-20T16:03:28.448-0500 debug    [InputRecorderSession: 0] Generated mouse move events for cursor changes between mouse moves. after=272185.474560666 generatedEvents=1 id=channel-0-input session=0 untilIncluding=272185.482805166
2026-05-20T16:03:28.466-0500 debug    [InputRecorderSession: 0] Generated mouse move events for cursor changes between mouse moves. after=272185.491274916 generatedEvents=1 id=channel-0-input session=0 untilIncluding=272185.500390041
2026-05-20T16:03:28.530-0500 debug    [InputRecorderSession: 0] Generated mouse move events for cursor changes between mouse moves. after=272185.555025083 generatedEvents=1 id=channel-0-input session=0 untilIncluding=272185.563138458
2026-05-20T16:03:28.566-0500 debug    [InputRecorderSession: 0] Generated mouse move events for cursor changes between mouse moves. after=272185.587232083 generatedEvents=1 id=channel-0-input session=0 untilIncluding=272185.595271
2026-05-20T16:03:28.584-0500 debug    [InputRecorderSession: 0] Generated mouse move events for cursor changes between mouse moves. after=272185.603334791 generatedEvents=1 id=channel-0-input session=0 untilIncluding=272185.61134975
2026-05-20T16:03:28.643-0500 debug    [InputRecorderSession: 0] Generated mouse move events for cursor changes between mouse moves. after=272185.667657958 generatedEvents=1 id=channel-0-input session=0 untilIncluding=272185.675754083
2026-05-20T16:03:28.667-0500 debug    [InputRecorderSession: 0] Generated mouse move events for cursor changes between mouse moves. after=272185.683866041 generatedEvents=1 id=channel-0-input session=0 untilIncluding=272185.692064125
2026-05-20T16:03:28.667-0500 debug    [InputRecorderSession: 0] Generated mouse move events for cursor changes between mouse moves. after=272185.692064125 generatedEvents=1 id=channel-0-input session=0 untilIncluding=272185.699890916
2026-05-20T16:03:29.064-0500 debug    [SegmentedAssetWriterDelegate] Did output segment data: 4127038, segmentType:separable, segmentReport:AVAssetSegmentTrackReport(earliestPresentationTimeStamp:CMTime(seconds:272184.0133333333 timescale:600 value:163310408 flags:valid) duration:CMTime(seconds:2.0416666666666665 timescale:600 value:1225 flags:valid) firstVideoSampleInformation:(presentationTimeStamp:CMTime(seconds:272184.0133333333 timescale:600 value:163310408 flags:valid, hasBeenRounded) offset:1188 length:805871 isSyncSample:true)) id=channel-1-display
2026-05-20T16:03:29.064-0500 debug    [SegmentedAssetWriterDelegate] Writing segment data: file:///Users/brian/Library/Application%20Support/Screen%20Studio/Screen%20Studio%20Recordings/Built-in%20Retina%20Display%202026-05-20%2015:56:09/channel-1-display-0-0220.m4s id=channel-1-display
2026-05-20T16:03:29.070-0500 info     [SegmentedAssetWriterDelegate] Appending channel-1-display-0-0220.m4s: CMTime(seconds:272184.0133333333 timescale:600 value:163310408 flags:valid) id=channel-1-display
2026-05-20T16:03:29.682-0500 debug    [InputRecorderSession: 0] Generated mouse move events for cursor changes between mouse moves. after=272185.750315833 generatedEvents=2 id=channel-0-input session=0 untilIncluding=272186.716711666
2026-05-20T16:03:29.762-0500 debug    [InputRecorderSession: 0] Generated mouse move events for cursor changes between mouse moves. after=272186.786571541 generatedEvents=1 id=channel-0-input session=0 untilIncluding=272186.79467925
2026-05-20T16:03:30.053-0500 debug    [StreamCoordinator: channel-1-display] SCFrameStatus summary for last 5 seconds id=channel-1-display summary=[("complete", 229), ("idle", 187)] total=416
2026-05-20T16:03:31.045-0500 debug    [SegmentedAssetWriterDelegate] Did output segment data: 8535318, segmentType:separable, segmentReport:AVAssetSegmentTrackReport(earliestPresentationTimeStamp:CMTime(seconds:272186.055 timescale:600 value:163311633 flags:valid) duration:CMTime(seconds:1.9466666666666668 timescale:600 value:1168 flags:valid) firstVideoSampleInformation:(presentationTimeStamp:CMTime(seconds:272186.055 timescale:600 value:163311633 flags:valid, hasBeenRounded) offset:2244 length:798987 isSyncSample:true)) id=channel-1-display
2026-05-20T16:03:31.045-0500 debug    [SegmentedAssetWriterDelegate] Writing segment data: file:///Users/brian/Library/Application%20Support/Screen%20Studio/Screen%20Studio%20Recordings/Built-in%20Retina%20Display%202026-05-20%2015:56:09/channel-1-display-0-0221.m4s id=channel-1-display
2026-05-20T16:03:31.048-0500 info     [SegmentedAssetWriterDelegate] Appending channel-1-display-0-0221.m4s: CMTime(seconds:272186.055 timescale:600 value:163311633 flags:valid) id=channel-1-display
2026-05-20T16:03:32.162-0500 debug    [InputRecorderSession: 0] Generated mouse move events for cursor changes between mouse moves. after=272187.108622458 generatedEvents=1 id=channel-0-input session=0 untilIncluding=272189.193665666
2026-05-20T16:03:32.331-0500 debug    [InputRecorderSession: 0] Generated mouse move events for cursor changes between mouse moves. after=272189.354481541 generatedEvents=1 id=channel-0-input session=0 untilIncluding=272189.363022375
2026-05-20T16:03:32.420-0500 debug    [InputRecorderSession: 0] Generated mouse move events for cursor changes between mouse moves. after=272189.442949875 generatedEvents=1 id=channel-0-input session=0 untilIncluding=272189.451046208
2026-05-20T16:03:32.496-0500 debug    [InputRecorderSession: 0] Generated mouse move events for cursor changes between mouse moves. after=272189.507273875 generatedEvents=1 id=channel-0-input session=0 untilIncluding=272189.515321291
2026-05-20T16:03:32.647-0500 debug    [InputRecorderSession: 0] Generated mouse move events for cursor changes between mouse moves. after=272189.668322166 generatedEvents=1 id=channel-0-input session=0 untilIncluding=272189.67636975
2026-05-20T16:03:32.671-0500 debug    [InputRecorderSession: 0] Generated mouse move events for cursor changes between mouse moves. after=272189.692486375 generatedEvents=1 id=channel-0-input session=0 untilIncluding=272189.700559041
2026-05-20T16:03:32.823-0500 debug    [InputRecorderSession: 0] Generated mouse move events for cursor changes between mouse moves. after=272189.845426333 generatedEvents=1 id=channel-0-input session=0 untilIncluding=272189.855549333
2026-05-20T16:03:33.004-0500 debug    [SegmentedAssetWriterDelegate] Did output segment data: 4167171, segmentType:separable, segmentReport:AVAssetSegmentTrackReport(earliestPresentationTimeStamp:CMTime(seconds:272188.00166666665 timescale:600 value:163312801 flags:valid) duration:CMTime(seconds:2.0 timescale:600 value:1200 flags:valid) firstVideoSampleInformation:(presentationTimeStamp:CMTime(seconds:272188.00166666665 timescale:600 value:163312801 flags:valid, hasBeenRounded) offset:1496 length:637787 isSyncSample:true)) id=channel-1-display
2026-05-20T16:03:33.004-0500 debug    [SegmentedAssetWriterDelegate] Writing segment data: file:///Users/brian/Library/Application%20Support/Screen%20Studio/Screen%20Studio%20Recordings/Built-in%20Retina%20Display%202026-05-20%2015:56:09/channel-1-display-0-0222.m4s id=channel-1-display
2026-05-20T16:03:33.009-0500 info     [SegmentedAssetWriterDelegate] Appending channel-1-display-0-0222.m4s: CMTime(seconds:272188.00166666665 timescale:600 value:163312801 flags:valid) id=channel-1-display
2026-05-20T16:03:34.296-0500 debug    [InputRecorderSession: 0] Generated mouse move events for cursor changes between mouse moves. after=272191.320904666 generatedEvents=1 id=channel-0-input session=0 untilIncluding=272191.326651791
2026-05-20T16:03:34.372-0500 debug    [InputRecorderSession: 0] Generated mouse move events for cursor changes between mouse moves. after=272191.390964166 generatedEvents=1 id=channel-0-input session=0 untilIncluding=272191.399040541
2026-05-20T16:03:34.482-0500 debug    [InputRecorderSession: 0] Generated mouse move events for cursor changes between mouse moves. after=272191.496057 generatedEvents=1 id=channel-0-input session=0 untilIncluding=272191.503695416
2026-05-20T16:03:34.794-0500 debug    [InputRecorderSession: 0] Generated mouse move events for cursor changes between mouse moves. after=272191.519754291 generatedEvents=1 id=channel-0-input session=0 untilIncluding=272191.826001458
2026-05-20T16:03:34.835-0500 debug    [InputRecorderSession: 0] Generated mouse move events for cursor changes between mouse moves. after=272191.858040541 generatedEvents=1 id=channel-0-input session=0 untilIncluding=272191.866076791
2026-05-20T16:03:34.896-0500 debug    [InputRecorderSession: 0] Generated mouse move events for cursor changes between mouse moves. after=272191.906241708 generatedEvents=1 id=channel-0-input session=0 untilIncluding=272191.914742208
2026-05-20T16:03:34.896-0500 debug    [InputRecorderSession: 0] Generated mouse move events for cursor changes between mouse moves. after=272191.922317916 generatedEvents=1 id=channel-0-input session=0 untilIncluding=272191.930272458
2026-05-20T16:03:34.903-0500 debug    [InputRecorderSession: 0] Generated mouse move events for cursor changes between mouse moves. after=272191.930272458 generatedEvents=1 id=channel-0-input session=0 untilIncluding=272191.938277166
2026-05-20T16:03:34.998-0500 debug    [SegmentedAssetWriterDelegate] Did output segment data: 2528130, segmentType:separable, segmentReport:AVAssetSegmentTrackReport(earliestPresentationTimeStamp:CMTime(seconds:272190.00166666665 timescale:600 value:163314001 flags:valid) duration:CMTime(seconds:2.0 timescale:600 value:1200 flags:valid) firstVideoSampleInformation:(presentationTimeStamp:CMTime(seconds:272190.00166666665 timescale:600 value:163314001 flags:valid, hasBeenRounded) offset:976 length:818902 isSyncSample:true)) id=channel-1-display
2026-05-20T16:03:34.998-0500 debug    [SegmentedAssetWriterDelegate] Writing segment data: file:///Users/brian/Library/Application%20Support/Screen%20Studio/Screen%20Studio%20Recordings/Built-in%20Retina%20Display%202026-05-20%2015:56:09/channel-1-display-0-0223.m4s id=channel-1-display
2026-05-20T16:03:35.000-0500 info     [SegmentedAssetWriterDelegate] Appending channel-1-display-0-0223.m4s: CMTime(seconds:272190.00166666665 timescale:600 value:163314001 flags:valid) id=channel-1-display
2026-05-20T16:03:35.053-0500 debug    [StreamCoordinator: channel-1-display] SCFrameStatus summary for last 5 seconds id=channel-1-display summary=[("complete", 264), ("idle", 168)] total=432
2026-05-20T16:03:35.387-0500 debug    [InputRecorderSession: 0] Generated mouse move events for cursor changes between mouse moves. after=272192.413473833 generatedEvents=1 id=channel-0-input session=0 untilIncluding=272192.421557458
2026-05-20T16:03:35.419-0500 debug    [InputRecorderSession: 0] Generated mouse move events for cursor changes between mouse moves. after=272192.445739333 generatedEvents=1 id=channel-0-input session=0 untilIncluding=272192.453749083
2026-05-20T16:03:35.479-0500 debug    [InputRecorderSession: 0] Generated mouse move events for cursor changes between mouse moves. after=272192.494017333 generatedEvents=1 id=channel-0-input session=0 untilIncluding=272192.50673275
2026-05-20T16:03:35.512-0500 debug    [InputRecorderSession: 0] Generated mouse move events for cursor changes between mouse moves. after=272192.534131625 generatedEvents=1 id=channel-0-input session=0 untilIncluding=272192.542136458
2026-05-20T16:03:35.532-0500 debug    [InputRecorderSession: 0] Generated mouse move events for cursor changes between mouse moves. after=272192.550203 generatedEvents=1 id=channel-0-input session=0 untilIncluding=272192.55817025
2026-05-20T16:03:35.552-0500 debug    [InputRecorderSession: 0] Generated mouse move events for cursor changes between mouse moves. after=272192.566416916 generatedEvents=1 id=channel-0-input session=0 untilIncluding=272192.574387
2026-05-20T16:03:35.552-0500 debug    [InputRecorderSession: 0] Generated mouse move events for cursor changes between mouse moves. after=272192.574387 generatedEvents=1 id=channel-0-input session=0 untilIncluding=272192.582384291
2026-05-20T16:03:35.573-0500 debug    [InputRecorderSession: 0] Generated mouse move events for cursor changes between mouse moves. after=272192.598410375 generatedEvents=1 id=channel-0-input session=0 untilIncluding=272192.606474833
2026-05-20T16:03:36.324-0500 debug    [InputRecorderSession: 0] Generated mouse move events for cursor changes between mouse moves. after=272193.339130708 generatedEvents=1 id=channel-0-input session=0 untilIncluding=272193.347294416
2026-05-20T16:03:37.026-0500 debug    [SegmentedAssetWriterDelegate] Did output segment data: 3681741, segmentType:separable, segmentReport:AVAssetSegmentTrackReport(earliestPresentationTimeStamp:CMTime(seconds:272192.00166666665 timescale:600 value:163315201 flags:valid) duration:CMTime(seconds:2.0033333333333334 timescale:600 value:1202 flags:valid) firstVideoSampleInformation:(presentationTimeStamp:CMTime(seconds:272192.00166666665 timescale:600 value:163315201 flags:valid, hasBeenRounded) offset:1088 length:793063 isSyncSample:true)) id=channel-1-display
2026-05-20T16:03:37.026-0500 debug    [SegmentedAssetWriterDelegate] Writing segment data: file:///Users/brian/Library/Application%20Support/Screen%20Studio/Screen%20Studio%20Recordings/Built-in%20Retina%20Display%202026-05-20%2015:56:09/channel-1-display-0-0224.m4s id=channel-1-display
2026-05-20T16:03:37.029-0500 info     [SegmentedAssetWriterDelegate] Appending channel-1-display-0-0224.m4s: CMTime(seconds:272192.00166666665 timescale:600 value:163315201 flags:valid) id=channel-1-display
2026-05-20T16:03:39.404-0500 debug    [InputRecorderSession: 0] Generated mouse move events for cursor changes between mouse moves. after=272193.524318125 generatedEvents=1 id=channel-0-input session=0 untilIncluding=272196.437654708
2026-05-20T16:03:39.572-0500 debug    [SegmentedAssetWriterDelegate] Did output segment data: 3744321, segmentType:separable, segmentReport:AVAssetSegmentTrackReport(earliestPresentationTimeStamp:CMTime(seconds:272194.005 timescale:600 value:163316403 flags:valid) duration:CMTime(seconds:2.058333333333333 timescale:600 value:1235 flags:valid) firstVideoSampleInformation:(presentationTimeStamp:CMTime(seconds:272194.005 timescale:600 value:163316403 flags:valid, hasBeenRounded) offset:1240 length:787482 isSyncSample:true)) id=channel-1-display
2026-05-20T16:03:39.572-0500 debug    [SegmentedAssetWriterDelegate] Writing segment data: file:///Users/brian/Library/Application%20Support/Screen%20Studio/Screen%20Studio%20Recordings/Built-in%20Retina%20Display%202026-05-20%2015:56:09/channel-1-display-0-0225.m4s id=channel-1-display
2026-05-20T16:03:39.574-0500 info     [SegmentedAssetWriterDelegate] Appending channel-1-display-0-0225.m4s: CMTime(seconds:272194.005 timescale:600 value:163316403 flags:valid) id=channel-1-display
2026-05-20T16:03:40.053-0500 debug    [StreamCoordinator: channel-1-display] SCFrameStatus summary for last 5 seconds id=channel-1-display summary=[("complete", 171), ("idle", 230)] total=401
2026-05-20T16:03:42.058-0500 debug    [SegmentedAssetWriterDelegate] Did output segment data: 933489, segmentType:separable, segmentReport:AVAssetSegmentTrackReport(earliestPresentationTimeStamp:CMTime(seconds:272196.06333333335 timescale:600 value:163317638 flags:valid) duration:CMTime(seconds:1.9916666666666667 timescale:600 value:1195 flags:valid) firstVideoSampleInformation:(presentationTimeStamp:CMTime(seconds:272196.06333333335 timescale:600 value:163317638 flags:valid, hasBeenRounded) offset:204 length:895662 isSyncSample:true)) id=channel-1-display
2026-05-20T16:03:42.059-0500 debug    [SegmentedAssetWriterDelegate] Writing segment data: file:///Users/brian/Library/Application%20Support/Screen%20Studio/Screen%20Studio%20Recordings/Built-in%20Retina%20Display%202026-05-20%2015:56:09/channel-1-display-0-0226.m4s id=channel-1-display
2026-05-20T16:03:42.062-0500 info     [SegmentedAssetWriterDelegate] Appending channel-1-display-0-0226.m4s: CMTime(seconds:272196.06333333335 timescale:600 value:163317638 flags:valid) id=channel-1-display
2026-05-20T16:03:43.219-0500 debug    [SegmentedAssetWriterDelegate] Did output segment data: 810734, segmentType:separable, segmentReport:AVAssetSegmentTrackReport(earliestPresentationTimeStamp:CMTime(seconds:272198.055 timescale:600 value:163318833 flags:valid) duration:CMTime(seconds:2.0083333333333333 timescale:600 value:1205 flags:valid) firstVideoSampleInformation:(presentationTimeStamp:CMTime(seconds:272198.055 timescale:600 value:163318833 flags:valid, hasBeenRounded) offset:140 length:808777 isSyncSample:true)) id=channel-1-display
2026-05-20T16:03:43.219-0500 debug    [SegmentedAssetWriterDelegate] Writing segment data: file:///Users/brian/Library/Application%20Support/Screen%20Studio/Screen%20Studio%20Recordings/Built-in%20Retina%20Display%202026-05-20%2015:56:09/channel-1-display-0-0227.m4s id=channel-1-display
2026-05-20T16:03:43.222-0500 info     [SegmentedAssetWriterDelegate] Appending channel-1-display-0-0227.m4s: CMTime(seconds:272198.055 timescale:600 value:163318833 flags:valid) id=channel-1-display
2026-05-20T16:03:45.020-0500 debug    [SegmentedAssetWriterDelegate] Did output segment data: 4717286, segmentType:separable, segmentReport:AVAssetSegmentTrackReport(earliestPresentationTimeStamp:CMTime(seconds:272200.06333333335 timescale:600 value:163320038 flags:valid) duration:CMTime(seconds:1.9416666666666667 timescale:600 value:1165 flags:valid) firstVideoSampleInformation:(presentationTimeStamp:CMTime(seconds:272200.06333333335 timescale:600 value:163320038 flags:valid, hasBeenRounded) offset:1232 length:808778 isSyncSample:true)) id=channel-1-display
2026-05-20T16:03:45.020-0500 debug    [SegmentedAssetWriterDelegate] Writing segment data: file:///Users/brian/Library/Application%20Support/Screen%20Studio/Screen%20Studio%20Recordings/Built-in%20Retina%20Display%202026-05-20%2015:56:09/channel-1-display-0-0228.m4s id=channel-1-display
2026-05-20T16:03:45.023-0500 info     [SegmentedAssetWriterDelegate] Appending channel-1-display-0-0228.m4s: CMTime(seconds:272200.06333333335 timescale:600 value:163320038 flags:valid) id=channel-1-display
2026-05-20T16:03:45.055-0500 debug    [StreamCoordinator: channel-1-display] SCFrameStatus summary for last 5 seconds id=channel-1-display summary=[("complete", 143), ("idle", 245)] total=388
2026-05-20T16:03:47.042-0500 debug    [SegmentedAssetWriterDelegate] Did output segment data: 4395314, segmentType:separable, segmentReport:AVAssetSegmentTrackReport(earliestPresentationTimeStamp:CMTime(seconds:272202.005 timescale:600 value:163321203 flags:valid) duration:CMTime(seconds:2.033333333333333 timescale:600 value:1220 flags:valid) firstVideoSampleInformation:(presentationTimeStamp:CMTime(seconds:272202.005 timescale:600 value:163321203 flags:valid, hasBeenRounded) offset:1328 length:851424 isSyncSample:true)) id=channel-1-display
2026-05-20T16:03:47.042-0500 debug    [SegmentedAssetWriterDelegate] Writing segment data: file:///Users/brian/Library/Application%20Support/Screen%20Studio/Screen%20Studio%20Recordings/Built-in%20Retina%20Display%202026-05-20%2015:56:09/channel-1-display-0-0229.m4s id=channel-1-display
2026-05-20T16:03:47.046-0500 info     [SegmentedAssetWriterDelegate] Appending channel-1-display-0-0229.m4s: CMTime(seconds:272202.005 timescale:600 value:163321203 flags:valid) id=channel-1-display
2026-05-20T16:03:49.037-0500 debug    [SegmentedAssetWriterDelegate] Did output segment data: 7038759, segmentType:separable, segmentReport:AVAssetSegmentTrackReport(earliestPresentationTimeStamp:CMTime(seconds:272204.03833333333 timescale:600 value:163322423 flags:valid) duration:CMTime(seconds:1.975 timescale:600 value:1185 flags:valid) firstVideoSampleInformation:(presentationTimeStamp:CMTime(seconds:272204.03833333333 timescale:600 value:163322423 flags:valid, hasBeenRounded) offset:2264 length:745358 isSyncSample:true)) id=channel-1-display
2026-05-20T16:03:49.037-0500 debug    [SegmentedAssetWriterDelegate] Writing segment data: file:///Users/brian/Library/Application%20Support/Screen%20Studio/Screen%20Studio%20Recordings/Built-in%20Retina%20Display%202026-05-20%2015:56:09/channel-1-display-0-0230.m4s id=channel-1-display
2026-05-20T16:03:49.040-0500 info     [SegmentedAssetWriterDelegate] Appending channel-1-display-0-0230.m4s: CMTime(seconds:272204.03833333333 timescale:600 value:163322423 flags:valid) id=channel-1-display
2026-05-20T16:03:50.053-0500 debug    [StreamCoordinator: channel-1-display] SCFrameStatus summary for last 5 seconds id=channel-1-display summary=[("complete", 301), ("idle", 143)] total=444
2026-05-20T16:03:51.426-0500 debug    [SegmentedAssetWriterDelegate] Did output segment data: 835281, segmentType:separable, segmentReport:AVAssetSegmentTrackReport(earliestPresentationTimeStamp:CMTime(seconds:272206.0133333333 timescale:600 value:163323608 flags:valid) duration:CMTime(seconds:2.05 timescale:600 value:1230 flags:valid) firstVideoSampleInformation:(presentationTimeStamp:CMTime(seconds:272206.0133333333 timescale:600 value:163323608 flags:valid, hasBeenRounded) offset:304 length:807686 isSyncSample:true)) id=channel-1-display
2026-05-20T16:03:51.426-0500 debug    [SegmentedAssetWriterDelegate] Writing segment data: file:///Users/brian/Library/Application%20Support/Screen%20Studio/Screen%20Studio%20Recordings/Built-in%20Retina%20Display%202026-05-20%2015:56:09/channel-1-display-0-0231.m4s id=channel-1-display
2026-05-20T16:03:51.429-0500 info     [SegmentedAssetWriterDelegate] Appending channel-1-display-0-0231.m4s: CMTime(seconds:272206.0133333333 timescale:600 value:163323608 flags:valid) id=channel-1-display
2026-05-20T16:03:51.493-0500 debug    [InputRecorderSession: 0] Generated mouse move events for cursor changes between mouse moves. after=272202.619586416 generatedEvents=3 id=channel-0-input session=0 untilIncluding=272208.527137458
2026-05-20T16:03:51.738-0500 debug    [InputRecorderSession: 0] Generated mouse move events for cursor changes between mouse moves. after=272208.752594166 generatedEvents=1 id=channel-0-input session=0 untilIncluding=272208.760658875
2026-05-20T16:03:53.094-0500 debug    [InputRecorderSession: 0] Generated mouse move events for cursor changes between mouse moves. after=272210.121164583 generatedEvents=1 id=channel-0-input session=0 untilIncluding=272210.129145791
2026-05-20T16:03:53.113-0500 debug    [InputRecorderSession: 0] Generated mouse move events for cursor changes between mouse moves. after=272210.137179791 generatedEvents=1 id=channel-0-input session=0 untilIncluding=272210.145251166
2026-05-20T16:03:53.154-0500 debug    [InputRecorderSession: 0] Generated mouse move events for cursor changes between mouse moves. after=272210.177484833 generatedEvents=1 id=channel-0-input session=0 untilIncluding=272210.185566208
2026-05-20T16:03:53.194-0500 debug    [InputRecorderSession: 0] Generated mouse move events for cursor changes between mouse moves. after=272210.209669625 generatedEvents=1 id=channel-0-input session=0 untilIncluding=272210.217735291
2026-05-20T16:03:53.224-0500 debug    [InputRecorderSession: 0] Generated mouse move events for cursor changes between mouse moves. after=272210.250051083 generatedEvents=1 id=channel-0-input session=0 untilIncluding=272210.258042625
2026-05-20T16:03:53.243-0500 debug    [InputRecorderSession: 0] Generated mouse move events for cursor changes between mouse moves. after=272210.258042625 generatedEvents=1 id=channel-0-input session=0 untilIncluding=272210.269256083
2026-05-20T16:03:53.254-0500 debug    [SegmentedAssetWriterDelegate] Did output segment data: 827854, segmentType:separable, segmentReport:AVAssetSegmentTrackReport(earliestPresentationTimeStamp:CMTime(seconds:272208.06333333335 timescale:600 value:163324838 flags:valid) duration:CMTime(seconds:1.9916666666666667 timescale:600 value:1195 flags:valid) firstVideoSampleInformation:(presentationTimeStamp:CMTime(seconds:272208.06333333335 timescale:600 value:163324838 flags:valid, hasBeenRounded) offset:244 length:808920 isSyncSample:true)) id=channel-1-display
2026-05-20T16:03:53.254-0500 debug    [SegmentedAssetWriterDelegate] Writing segment data: file:///Users/brian/Library/Application%20Support/Screen%20Studio/Screen%20Studio%20Recordings/Built-in%20Retina%20Display%202026-05-20%2015:56:09/channel-1-display-0-0232.m4s id=channel-1-display
2026-05-20T16:03:53.255-0500 info     [SegmentedAssetWriterDelegate] Appending channel-1-display-0-0232.m4s: CMTime(seconds:272208.06333333335 timescale:600 value:163324838 flags:valid) id=channel-1-display
2026-05-20T16:03:53.269-0500 debug    [InputRecorderSession: 0] Generated mouse move events for cursor changes between mouse moves. after=272210.283855291 generatedEvents=1 id=channel-0-input session=0 untilIncluding=272210.290142
2026-05-20T16:03:53.269-0500 debug    [InputRecorderSession: 0] Generated mouse move events for cursor changes between mouse moves. after=272210.290142 generatedEvents=1 id=channel-0-input session=0 untilIncluding=272210.298062583
2026-05-20T16:03:53.314-0500 debug    [InputRecorderSession: 0] Generated mouse move events for cursor changes between mouse moves. after=272210.330360208 generatedEvents=1 id=channel-0-input session=0 untilIncluding=272210.338410916
2026-05-20T16:03:53.331-0500 debug    [InputRecorderSession: 0] Generated mouse move events for cursor changes between mouse moves. after=272210.346408208 generatedEvents=1 id=channel-0-input session=0 untilIncluding=272210.354517083
2026-05-20T16:03:53.574-0500 debug    [InputRecorderSession: 0] Generated mouse move events for cursor changes between mouse moves. after=272210.58799125 generatedEvents=1 id=channel-0-input session=0 untilIncluding=272210.596064083
2026-05-20T16:03:53.596-0500 debug    [InputRecorderSession: 0] Generated mouse move events for cursor changes between mouse moves. after=272210.604146916 generatedEvents=1 id=channel-0-input session=0 untilIncluding=272210.612175125
2026-05-20T16:03:54.365-0500 debug    [InputRecorderSession: 0] Generated mouse move events for cursor changes between mouse moves. after=272211.385018125 generatedEvents=1 id=channel-0-input session=0 untilIncluding=272211.393132208
2026-05-20T16:03:54.367-0500 debug    [InputRecorderSession: 0] Generated mouse move events for cursor changes between mouse moves. after=272211.393132208 generatedEvents=1 id=channel-0-input session=0 untilIncluding=272211.401207541
2026-05-20T16:03:54.569-0500 debug    [InputRecorderSession: 0] Generated mouse move events for cursor changes between mouse moves. after=272211.586290708 generatedEvents=1 id=channel-0-input session=0 untilIncluding=272211.594319333
2026-05-20T16:03:54.569-0500 debug    [InputRecorderSession: 0] Generated mouse move events for cursor changes between mouse moves. after=272211.594319333 generatedEvents=1 id=channel-0-input session=0 untilIncluding=272211.602460958
2026-05-20T16:03:55.054-0500 debug    [StreamCoordinator: channel-1-display] SCFrameStatus summary for last 5 seconds id=channel-1-display summary=[("complete", 23), ("idle", 314)] total=337
2026-05-20T16:03:56.023-0500 debug    [DisplayRecorder: channel-1-display] Repeating capture frame. after=1.00757825 id=channel-1-display
2026-05-20T16:03:56.052-0500 debug    [SegmentedAssetWriterDelegate] Did output segment data: 826984, segmentType:separable, segmentReport:AVAssetSegmentTrackReport(earliestPresentationTimeStamp:CMTime(seconds:272210.055 timescale:600 value:163326033 flags:valid) duration:CMTime(seconds:2.0 timescale:600 value:1200 flags:valid) firstVideoSampleInformation:(presentationTimeStamp:CMTime(seconds:272210.055 timescale:600 value:163326033 flags:valid, hasBeenRounded) offset:196 length:808921 isSyncSample:true)) id=channel-1-display
2026-05-20T16:03:56.052-0500 debug    [SegmentedAssetWriterDelegate] Writing segment data: file:///Users/brian/Library/Application%20Support/Screen%20Studio/Screen%20Studio%20Recordings/Built-in%20Retina%20Display%202026-05-20%2015:56:09/channel-1-display-0-0233.m4s id=channel-1-display
2026-05-20T16:03:56.055-0500 info     [SegmentedAssetWriterDelegate] Appending channel-1-display-0-0233.m4s: CMTime(seconds:272210.055 timescale:600 value:163326033 flags:valid) id=channel-1-display
2026-05-20T16:03:56.460-0500 notice   [SignalHandler] Received SIGTERM.
2026-05-20T16:03:56.460-0500 warning  [Conductor] Pausing the recording to be able to stop.
2026-05-20T16:03:56.460-0500 debug    [Conductor] Pausing recording.
2026-05-20T16:03:56.460-0500 notice   [Conductor] Recording paused. recordUntil=272213.49591733335
2026-05-20T16:03:56.460-0500 debug    [Conductor] Stopping recording.
2026-05-20T16:03:56.460-0500 debug    [Conductor] Cleaning up recorders. recorders=3
2026-05-20T16:03:56.461-0500 debug    [InputRecorder] Stopping event monitor. id=channel-0-input
2026-05-20T16:03:56.461-0500 debug    [DisplayRecorder: channel-1-display] Completing all session writers id=channel-1-display sessionWriters.count=1
2026-05-20T16:03:56.461-0500 debug    [CursorRecorder] Stopping display link. id=channel-0-cursor
2026-05-20T16:03:56.461-0500 notice   [InputRecorder] Stopped eventTapForEvents. id=channel-0-input
2026-05-20T16:03:56.461-0500 info     [InputRecorder] Event monitor stopped. id=channel-0-input
2026-05-20T16:03:56.461-0500 debug    [InputRecorder] Finishing sessions. id=channel-0-input
2026-05-20T16:03:56.461-0500 debug    [InputRecorderSession: 0] Generating mouse move events for stationary cursor changes at end of session. id=channel-0-input session=0
2026-05-20T16:03:56.461-0500 notice   [CursorRecorder] Stopped display link. id=channel-0-cursor
2026-05-20T16:03:56.461-0500 debug    [polyrecorder] Closing streaming JSON file. fileUrl=file:///Users/brian/Library/Application%20Support/Screen%20Studio/Screen%20Studio%20Recordings/Built-in%20Retina%20Display%202026-05-20%2015:56:09/cursors.json
2026-05-20T16:03:56.461-0500 debug    [SessionWriter: channel-1-display-0] Starting new recording completion task id=channel-1-display
2026-05-20T16:03:56.461-0500 debug    [SessionWriter: channel-1-display-0] Completing recording. id=channel-1-display
2026-05-20T16:03:56.461-0500 debug    [SessionWriter: channel-1-display-0] Waiting for final frames. id=channel-1-display
2026-05-20T16:03:56.461-0500 notice   [InputRecorderSession: 0] Generated mouse move events for stationary cursor changes at end of session. after=272213.36917925 generatedEvents=0 id=channel-0-input session=0 untilIncluding=272213.49591733335
2026-05-20T16:03:56.461-0500 debug    [polyrecorder] Closing streaming JSON file. fileUrl=file:///Users/brian/Library/Application%20Support/Screen%20Studio/Screen%20Studio%20Recordings/Built-in%20Retina%20Display%202026-05-20%2015:56:09/mousemoves-0.json id=channel-0-input
2026-05-20T16:03:56.461-0500 notice   [SessionWriter: channel-1-display-0] Newer item produced recently, waiting for another second. id=channel-1-display lastItemTime=CMTime(seconds:272213.501545041 timescale:1000000000 value:272213501545041 flags:valid) previousLastItemTime=CMTime(seconds:-inf timescale:0 value:0 flags:valid, negativeInfinity)
2026-05-20T16:03:56.463-0500 info     [polyrecorder] Closed streaming JSON file successfully. fileUrl=file:///Users/brian/Library/Application%20Support/Screen%20Studio/Screen%20Studio%20Recordings/Built-in%20Retina%20Display%202026-05-20%2015:56:09/cursors.json
2026-05-20T16:03:56.463-0500 info     [polyrecorder] Closed streaming JSON file successfully. fileUrl=file:///Users/brian/Library/Application%20Support/Screen%20Studio/Screen%20Studio%20Recordings/Built-in%20Retina%20Display%202026-05-20%2015:56:09/mousemoves-0.json id=channel-0-input
2026-05-20T16:03:56.463-0500 debug    [polyrecorder] Closing streaming JSON file. fileUrl=file:///Users/brian/Library/Application%20Support/Screen%20Studio/Screen%20Studio%20Recordings/Built-in%20Retina%20Display%202026-05-20%2015:56:09/mouseclicks-0.json id=channel-0-input
2026-05-20T16:03:56.463-0500 notice   [CursorRecorder] Cursor information written to disk. count=38 folder=file:///Users/brian/Library/Application%20Support/Screen%20Studio/Screen%20Studio%20Recordings/Built-in%20Retina%20Display%202026-05-20%2015:56:09/cursors/ id=channel-0-cursor
2026-05-20T16:03:56.465-0500 info     [polyrecorder] Closed streaming JSON file successfully. fileUrl=file:///Users/brian/Library/Application%20Support/Screen%20Studio/Screen%20Studio%20Recordings/Built-in%20Retina%20Display%202026-05-20%2015:56:09/mouseclicks-0.json id=channel-0-input
2026-05-20T16:03:56.465-0500 debug    [polyrecorder] Closing streaming JSON file. fileUrl=file:///Users/brian/Library/Application%20Support/Screen%20Studio/Screen%20Studio%20Recordings/Built-in%20Retina%20Display%202026-05-20%2015:56:09/keystrokes-0.json id=channel-0-input
2026-05-20T16:03:56.466-0500 info     [polyrecorder] Closed streaming JSON file successfully. fileUrl=file:///Users/brian/Library/Application%20Support/Screen%20Studio/Screen%20Studio%20Recordings/Built-in%20Retina%20Display%202026-05-20%2015:56:09/keystrokes-0.json id=channel-0-input
2026-05-20T16:03:56.466-0500 notice   [InputRecorder] Finished writers. id=channel-0-input
2026-05-20T16:03:57.468-0500 notice   [SessionWriter: channel-1-display-0] Waiting for final frames completed. id=channel-1-display systemUptime=272214.503269125
2026-05-20T16:03:57.468-0500 debug    [SessionWriter: channel-1-display-0] Finishing SessionBoundedRetimer. id=channel-1-display
2026-05-20T16:03:57.468-0500 notice   [SessionWriter: channel-1-display-0] Finished SessionBoundedRetimer. id=channel-1-display
2026-05-20T16:03:57.468-0500 debug    [SessionWriter: channel-1-display-0] Flushing all frames from backpressure buffer. id=channel-1-display itemsInBuffer=0
2026-05-20T16:03:57.468-0500 notice   [SessionWriter: channel-1-display-0] Flushed all frames from backpressure buffer. id=channel-1-display itemsInBuffer=0
2026-05-20T16:03:57.468-0500 debug    [SessionWriter: channel-1-display-0] End session on AVAssetWriter id=channel-1-display sessionEnd=CMTime(seconds:272213.495917333 timescale:1000000000 value:272213495917333 flags:valid, hasBeenRounded)
2026-05-20T16:03:57.469-0500 debug    [SegmentedAssetWriterDelegate] Did output segment data: 821719, segmentType:separable, segmentReport:AVAssetSegmentTrackReport(earliestPresentationTimeStamp:CMTime(seconds:272212.055 timescale:600 value:163327233 flags:valid) duration:CMTime(seconds:1.5466666666666666 timescale:600 value:928 flags:valid) firstVideoSampleInformation:(presentationTimeStamp:CMTime(seconds:272212.055 timescale:600 value:163327233 flags:valid, hasBeenRounded) offset:188 length:808920 isSyncSample:true)) id=channel-1-display
2026-05-20T16:03:57.470-0500 debug    [SegmentedAssetWriterDelegate] Writing segment data: file:///Users/brian/Library/Application%20Support/Screen%20Studio/Screen%20Studio%20Recordings/Built-in%20Retina%20Display%202026-05-20%2015:56:09/channel-1-display-0-0234.m4s id=channel-1-display
2026-05-20T16:03:57.474-0500 info     [SegmentedAssetWriterDelegate] Appending channel-1-display-0-0234.m4s: CMTime(seconds:272212.055 timescale:600 value:163327233 flags:valid) id=channel-1-display
2026-05-20T16:03:57.474-0500 notice   [SessionWriter: channel-1-display-0] End session on AVAssetWriter id=channel-1-display sessionEnd=CMTime(seconds:272213.495917333 timescale:1000000000 value:272213495917333 flags:valid, hasBeenRounded)
2026-05-20T16:03:57.474-0500 debug    [SessionWriter: channel-1-display-0] Finishing writing to asset writer. id=channel-1-display
2026-05-20T16:03:57.479-0500 notice   [SessionWriter: channel-1-display-0] Finished writing to assset writer. id=channel-1-display
2026-05-20T16:03:57.479-0500 debug    [SessionWriter: channel-1-display-0] Finishing writing to metadata file. id=channel-1-display
2026-05-20T16:03:57.479-0500 notice   [SessionWriter: channel-1-display-0] Finished writing to metadata file. id=channel-1-display
2026-05-20T16:03:57.479-0500 notice   [SessionWriter: channel-1-display-0] Completed recording, returning metadata. framesProcessed (excluding initial Ring buffer)=28087 id=channel-1-display
2026-05-20T16:03:57.479-0500 notice   [DisplayRecorder: channel-1-display] Completed all session writers id=channel-1-display sessionWriters.count=1
2026-05-20T16:03:57.479-0500 debug    [DisplayRecorder: channel-1-display] Stopping stream capture. id=channel-1-display
2026-05-20T16:03:57.485-0500 notice   [DisplayRecorder: channel-1-display] Stopped stream capture. id=channel-1-display
2026-05-20T16:03:57.486-0500 debug    [DisplayRecorder: channel-1-display] Clearing frame timeout. id=channel-1-display
2026-05-20T16:03:57.486-0500 notice   [DisplayRecorder: channel-1-display] Cleared frame timeout. id=channel-1-display
2026-05-20T16:03:57.486-0500 debug    [DisplayRecorder: channel-1-display] Returning Metadata from cleanup id=channel-1-display totalFramesProcessed=28092
2026-05-20T16:03:57.486-0500 notice   [Conductor] Finalized recorders. errors=0 metadataCount=3 recorders=3 sessionsCount=1
2026-05-20T16:03:57.486-0500 debug    [Conductor] Writing metadata file. metadataCount=3
2026-05-20T16:03:57.487-0500 debug    [polyrecorder] Metadata file updated.
2026-05-20T16:03:57.487-0500 notice   [Conductor] Metadata file written. metadataCount=3
2026-05-20T16:03:57.487-0500 debug    [Conductor] Ending latency critical activity.
2026-05-20T16:03:57.487-0500 notice   [Conductor] Ended latency critical activity.
2026-05-20T16:03:57.487-0500 notice   [Conductor] Recording stopped. errorCount=0 metadataCount=3 recorders=3
2026-05-20T16:03:57.487-0500 notice   [Conductor] Stopped recording. sessions=[
from:     271747.334  2026-05-20T15:56:10.297-0500
until:    272213.496  2026-05-20T16:03:56.459-0500
duration: 466.162
]
2026-05-20T16:03:57.487-0500 notice   [Polyrecorder] Nominal recording ended.
